,Frequency
’,1231
child,1164
“,881
”,875
question,516
one,502
‘,426
two,289
explanation,269
thought,262
word,248
point,233
u,233
adult,210
age,209
why,207
case,207
therefore,206
1,198
first,196
7,185
may,184
—,182
fact,179
work,177
language,172
type,166
make,166
thing,165
understanding,163
shall,163
see,162
example,156
without,152
would,152
logical,151
causal,142
view,141
little,138
go,135
ego-centrism,134
relation,134
answer,133
lev,133
6,132
even,130
3,130
made,129
give,129
conversation,128
another,127
stage,127
e,126
place,123
etc,120
know,119
verbal,118
action,117
form,116
phenomenon,113
way,113
subject,111
justification,111
schema,111
result,110
general,110
water,110
understood,109
everything,108
must,107
ego-centric,107
given,106
mean,106
th,106
chapter,106
say,104
thus,104
idea,103
take,103
group,103
speech,102
8,102
object,102
like,101
order,100
also,99
far,97
function,96
del,95
story,95
come,94
mind,94
remark,94
year,93
piaget,92
others,91
talk,91
5,91
de,90
time,90
show,90
reason,89
pie,89
syncretism,89
put,89
explainer,88
jean,88
monologue,88
much,87
different,85
social,84
understand,83
i.e.,83
always,83
argument,82
connexion,81
2,80
still,80
selected,80
upon,79
category,78
find,78
sentence,77
certain,77
less,77
simply,77
problem,76
information,76
4,75
part,75
whether,73
number,73
since,72
whole,72
well,72
cause,72
causality,71
three,70
people,70
interest,69
§,68
need,67
activity,67
coefficient,66
taken,66
conclusion,65
quite,64
sense,64
look,64
use,64
old,63
intellectual,62
said,62
name,62
reproducer,62
rule,60
meaning,60
intention,60
hand,59
socialized,59
get,58
second,58
motivation,58
psychological,58
reality,57
detail,57
run,57
childish,57
think,57
proverb,57
etc.,56
though,56
every,55
possible,54
asked,54
connected,54
9,54
experiment,54
present,54
reasoning,54
collaboration,53
want,53
material,52
nature,52
following,52
got,52
study,52
dialogue,52
ii,52
let,51
l,51
drawing,51
world,51
life,51
among,50
however,50
already,50
never,50
logic,50
physical,49
method,49
particular,49
collective,48
seem,48
primitive,48
adapted,48
play,48
analysis,47
event,47
b,47
away,46
sometimes,46
seen,46
proposition,46
seems,46
six,46
talking,46
used,45
last,45
intelligence,44
explain,44
matter,44
call,44
due,44
later,44
moreover,44
true,44
often,43
fairy,43
common,43
making,43
observation,43
rather,42
classification,42
contrary,42
try,42
many,42
character,42
chance,42
desire,41
tell,41
individual,41
great,41
kind,41
hypothesis,41
class,40
difference,40
factor,40
called,40
pipe,40
according,40
simple,39
term,39
instance,39
perception,39
obtained,39
habit,39
c,39
10,39
something,39
game,38
together,38
turn,38
found,38
really,38
table,38
instead,38
lack,38
whereas,38
course,38
shown,37
could,37
speak,37
towards,37
nothing,37
iii,37
spontaneous,37
account,37
psychology,37
expressed,37
note,36
able,36
handle,36
corresponding,36
yet,36
phrase,36
11,36
intermediate,36
conscious,35
development,35
analogy,35
new,35
finally,35
clearly,35
discussion,35
judgment,35
boy,34
either,34
important,34
knowledge,34
express,34
genuine,34
process,34
schla,34
might,34
alone,34
p.,34
diagram,33
else,33
four,33
han,33
command,33
natural,33
draw,33
begin,33
presence,32
person,32
end,32
proportion,32
special,32
riv,32
mechanical,32
importance,31
syncretistic,31
total,31
value,31
better,31
saying,31
definite,31
clear,31
tap,31
appear,31
rise,31
ask,31
purely,30
precausality,30
follows,30
mlle,30
maison,30
la,30
r,30
act,30
measure,30
ez,30
petits,30
distinction,30
speaking,30
movement,29
relating,29
béa,29
establish,29
plane,29
statement,29
wish,29
merely,29
absence,29
turned,29
series,29
manner,29
lake,29
w,28
le,28
thinking,28
becomes,28
real,28
longer,28
12,28
element,28
happens,28
attitude,28
obvious,27
long,27
least,27
properly,27
hearer,27
mechanism,27
interesting,27
regard,27
beginning,27
small,27
characteristic,27
consists,26
described,26
ego,26
although,26
till,26
exactly,26
mme,26
right,26
room,26
become,26
circumstance,26
human,26
realism,26
lady,26
lead,26
speaks,26
criterion,26
bear,25
man,25
immediate,25
belief,25
attempt,25
personal,25
justify,25
sort,25
mental,25
8.,25
nd,25
easy,25
almost,25
exposition,25
ch,25
opinion,25
difficult,25
tendency,25
set,24
white,24
mother,24
swan,24
invention,24
law,24
preceding,24
motive,24
effect,24
content,24
moment,24
done,23
sum,23
data,23
quarrel,23
ego-,23
neither,23
degree,23
pure,23
school,23
big,23
anything,23
book,23
enough,23
iv,23
believe,23
assumption,23
effort,23
latter,23
deduction,22
consequence,22
naturally,22
relationship,22
vol,22
several,22
expression,22
feeling,22
probably,22
anyone,22
precausal,22
constitute,22
told,22
back,22
spoken,22
explicit,22
demonstration,22
various,22
daddy,22
cat,21
distinguish,21
appearance,21
repeat,21
figure,21
yes,21
known,21
comparison,21
round,21
research,21
canal,21
aim,21
remains,21
completely,21
average,21
ng,21
god,21
confusion,21
generally,21
obviously,21
girl,21
animal,21
juxtaposition,21
influence,21
adaptation,21
parent,21
hence,20
speaker,20
interpretation,20
origin,20
line,20
mentality,20
compared,20
reader,20
immediately,20
proof,20
wh,20
definition,20
closely,20
leaf,20
whose,20
separate,20
good,20
sun,20
condition,20
half,20
position,20
formation,20
entirely,19
asks,19
doubt,19
variety,19
door,19
arbitrary,19
strictly,19
appears,19
request,19
outside,19
system,19
mere,19
definitely,19
history,19
large,19
observed,19
similar,19
earlier,19
went,19
external,19
month,19
sufficient,19
rest,18
objective,18
peculiarity,18
perfectly,18
equal,18
percentage,18
refer,18
test,18
young,18
respect,18
actually,18
notion,18
implication,18
mark,18
admit,18
amount,18
going,18
day,18
assertion,18
based,18
nevertheless,18
noted,18
rob,18
lying,18
concerned,18
grow,18
single,18
memory,18
late,17
represent,17
meet,17
statistical,17
geneva,17
indeed,17
men,17
feel,17
shut,17
page,17
0,17
hi,17
adopted,17
house,17
criticism,17
addressed,17
next,17
socialization,17
purpose,17
hardly,17
curiosity,17
et,17
complete,17
dealing,17
gradually,17
heard,17
finalistic,17
abstract,17
studied,17
death,17
belong,17
concern,17
tends,16
die,16
subjective,16
feature,16
light,16
7.,16
tion,16
help,16
constitutes,16
taking,16
examine,16
body,16
river,16
functional,16
beween,16
piece,16
fortuitous,16
certainly,16
ed,16
stern,16
communication,16
friend,16
autistic,16
full,16
so-called,16
st,16
leuzinger,16
prove,16
relate,16
14,16
style,16
centrism,16
understands,16
teacher,16
imagination,16
h,16
compare,16
structure,15
ha,15
independent,15
factual,15
significance,15
stated,15
third,15
greater,15
quoted,15
soon,15
source,15
experience,15
deal,15
statistic,15
iia,15
extent,15
perhaps,15
working,15
β,15
black,15
increase,15
changed,15
close,15
state,15
contact,15
intercourse,15
necessary,15
confused,15
essential,15
impossible,15
concerning,15
actual,15
shade,15
pretty,15
n,15
rock,14
quality,14
stay,14
co-operation,14
carried,14
explains,14
unknown,14
katz,14
main,14
ons,14
sli,14
precisely,14
happen,14
reached,14
existence,14
recall,14
communicate,14
formed,14
practical,14
1°,14
n't,14
collected,14
fastened,14
added,14
played,14
easily,14
fundamental,14
difficulty,14
reading,14
sign,14
consider,14
exchange,14
older,14
met,14
reflexion,14
13,14
correct,14
calculation,14
evidence,13
cf,13
excited,13
listener,13
edition,13
whic,13
looking,13
se,13
v,13
someone,13
apart,13
ten,13
brought,13
open,13
2°,13
investigation,13
behaviour,13
ing,13
finalism,13
remarkable,13
share,13
enfant,13
represented,13
repetition,13
straight,13
exist,13
dead,13
spelling,13
analogous,13
g,13
enquiry,13
examination,13
gesture,13
railway,13
initial,13
correspondence,13
m.piaget,13
castle,13
country,13
operation,13
necessity,13
read,13
belongs,13
tree,13
random,12
text,12
questioning,12
including,12
partly,12
—the,12
occasion,12
return,12
23,12
niobe,12
listening,12
's,12
dream,12
moon,12
trying,12
image,12
remain,12
vi,12
…,12
pencil,12
direction,12
hole,12
machine,12
distinct,12
change,12
section,12
δ,12
ever,12
piston,12
sake,12
forth,12
proper,12
arguing,12
queen,12
meant,12
red,12
30,12
serve,12
move,12
earliest,12
running,12
x,12
fourth,12
successive,12
period,12
pole,12
laid,12
mode,12
wer,12
owing,12
originally,12
co,12
16,12
stress,12
f,12
pleasure,12
solution,11
tried,11
48,11
capable,11
sky,11
king,11
v.,11
chain,11
oneself,11
ca,11
constantly,11
attention,11
worth,11
bound,11
break,11
paper,11
connecting,11
left,11
higher,11
serf,11
volume,11
iib,11
rate,11
throughout,11
bern,11
short,11
assimilation,11
consciousness,11
formal,11
keep,11
boat,11
marble,11
reach,11
parallel,11
ro,11
apparent,11
arise,11
french,11
link,11
placed,11
son,11
classed,11
evolution,11
iiia,11
sa,11
mention,11
nt,11
spontaneously,11
expected,11
exact,11
20,11
fall,11
capacity,11
directly,11
divided,11
er,11
explicatory,11
consist,11
—why,11
pointed,11
occurs,11
α,11
clash,11
mountain,11
geo,11
—no,11
en,11
hat,11
side,11
corresponds,11
contain,11
mutual,11
best,11
younger,11
answered,11
especially,11
giving,10
within,10
addressing,10
whys.,10
favour,10
quarrelling,10
ar,10
realize,10
egocentric,10
41,10
pour,10
gave,10
indicates,10
ich,10
environment,10
realization,10
explained,10
supply,10
outcome,10
ecause,10
building,10
power,10
appeal,10
gone,10
15,10
surroundings,10
showing,10
analyse,10
synthesis,10
coming,10
tend,10
came,10
similarly,10
pass,10
solve,10
previous,10
stone,10
50,10
stream,10
adapt,10
established,10
ordinary,10
1922,10
price,10
imitation,10
previously,10
sufficiently,10
eye,10
implicatory,10
please,10
particularly,10
render,10
concrete,10
looked,10
motif,10
bicycle,10
grows,10
mummy,10
truth,10
applied,10
bring,10
accounted,10
bearing,10
attribute,10
anthropomorphic,10
impression,10
verbalism,10
notice,10
colour,10
18,10
den,10
ild,10
contemporaneous,10
fo,10
subsequent,10
pr,10
cry,10
consequently,10
search,10
context,10
related,10
free,10
parcelling,10
aware,10
along,10
ought,10
frequent,10
high,10
undoubtedly,9
audience,9
fire,9
centre,9
curious,9
exists,9
discover,9
superior,9
accompanied,9
beyond,9
adopt,9
felt,9
indicated,9
soliloquy,9
psychologist,9
took,9
listen,9
confirm,9
produce,9
socially,9
author,9
158,9
association,9
dealt,9
mo,9
stick,9
lie,9
hard,9
near,9
ri,9
care,9
variation,9
43,9
step,9
deficit,9
nearly,9
task,9
playmate,9
enable,9
25,9
moral,9
communion,9
devoid,9
26,9
27,9
rhone,9
230,9
authority,9
reciprocity,9
english,9
egocentrism,9
opposed,9
considered,9
paris,9
letter,9
aloud,9
6.,9
separately,9
illusion,9
stand,9
cried,9
around,9
vii,9
except,9
een,9
connect,9
imply,9
symbolic,9
remembered,9
jug,9
telling,9
list,9
co-ordination,9
reaction,9
mistake,9
highly,9
romancing,9
imagined,9
considerable,9
birth,9
17,9
self,9
manufactured,9
21,9
mixed,9
constancy,9
proved,9
hold,9
convention,9
aspect,9
kauf,9
centric,9
behind,9
correspond,9
date,8
i.,8
iiib,8
inversion,8
objected,8
descœudres,8
rightly,8
—yes—,8
define,8
level,8
introduction,8
start,8
cost,8
such-and-such,8
hears,8
m.cousinet,8
interlocutor,8
brings,8
race,8
pas,8
tram,8
unconscious,8
peculiar,8
objection,8
visual,8
conception,8
1.,8
held,8
theory,8
29,8
5.,8
science,8
passage,8
finger,8
touch,8
led,8
conjunction,8
complex,8
epistemic,8
raise,8
agree,8
precise,8
vice,8
build,8
versa,8
lesson,8
discus,8
id,8
determine,8
institut,8
thanks,8
ith,8
derived,8
plant,8
m.,8
being,8
ce,8
gradual,8
approach,8
hei,8
n.,8
bur,8
binet,8
salève,8
society,8
garden,8
resemble,8
published,8
daily,8
lot,8
connects,8
chez,8
interrogative,8
al,8
chosen,8
elsewhere,8
remember,8
index,8
35,8
2.,8
conduct,8
satisfy,8
equivalent,8
useful,8
si,8
extremely,8
…etc.,8
seek,8
3°,8
former,8
expl,8
scholastic,8
referring,8
face,8
observer,8
tr,8
syringe,8
causation,8
coal,8
familiar,8
au,8
examined,8
symbolism,8
autism,8
finished,8
grouping,8
objectivity,8
record,8
marked,8
lay,8
funny,8
woman,8
using,8
picture,8
bed,8
deductive,8
threat,8
ad,8
numerous,8
classified,8
accident,8
paragraph,7
brother,7
contradiction,7
greatest,7
anation,7
argue,7
fairly,7
oh,7
wake,7
fish,7
chiefly,7
incommunicable,7
belonging,7
box,7
whoever,7
isolated,7
flower,7
—lev,7
fly,7
education,7
imperfectly,7
l.,7
judge,7
differs,7
twelve,7
janet,7
adjustment,7
expressing,7
spite,7
rarely,7
contains,7
collaborate,7
noticed,7
incapable,7
artificial,7
acted,7
motor,7
perceived,7
—it,7
superiority,7
ity,7
drawn,7
careful,7
reason.,7
forward,7
roof,7
succeed,7
describe,7
heading,7
40,7
accompany,7
transitional,7
communicated,7
inner,7
respective,7
relates,7
inventing,7
fixed,7
differ,7
silence,7
fault,7
five,7
...,7
subtle,7
decrease,7
saw,7
conclude,7
psych.,7
learn,7
mine,7
exception,7
flow,7
132,7
necessarily,7
denote,7
grown-ups,7
19,7
bigger,7
constant,7
22,7
knowing,7
wicked,7
explanation.,7
united,7
hundred,7
pointing,7
characterize,7
reproduces,7
spatial,7
yellow,7
forgotten,7
check,7
afterwards,7
monk,7
wood,7
frequency,7
agreement,7
progressive,7
recognize,7
pp,7
tear,7
numerical,7
implies,7
11–4,7
independently,7
justified,7
ground,7
double,7
sure,7
satisfaction,7
sequence,7
starting,7
simultaneously,7
wide,7
typical,7
train,7
γ,7
defined,7
asking,7
kel,7
bit,7
expect,7
hour,7
church,7
removed,7
consideration,7
sea,7
ethical,7
ildren,7
carry,7
clinical,7
rousseau,7
systematic,7
us,7
assert,7
satisfied,7
directed,7
referred,7
di,7
assimilated,7
fit,7
hope,7
sphere,7
regarded,7
allowed,7
early,7
preliminary,7
wanted,7
supposed,7
presented,7
convergence,7
que,7
stions,7
supplied,7
collection,7
truly,7
art,7
suggested,7
46,7
considering,7
indicate,7
chief,7
follow,7
yield,7
roughly,7
raised,7
unexpected,7
spring,7
foremost,7
betw,7
enables,7
claparède,7
surprise,6
ere,6
showed,6
coffee,6
98,6
demand,6
community,6
enter,6
recognized,6
surprising,6
temporal,6
treatment,6
mad,6
force,6
written,6
model,6
interchange,6
maximum,6
approximately,6
unity,6
ari,6
bond,6
arch,6
vague,6
secondly,6
—what,6
needed,6
kindergarten,6
vary,6
struck,6
paradoxical,6
7–8,6
hearing,6
basis,6
tions,6
slope,6
wind,6
interrogation,6
trace,6
journ,6
whenever,6
omitted,6
somewhere,6
verbally,6
0.45,6
fast,6
affirmation,6
contradict,6
principal,6
consecutive,6
writing,6
rare,6
cowl,6
comprehensive,6
incomprehensible,6
classify,6
hidden,6
central,6
91,6
250,6
stimulus,6
negro,6
alike,6
addition,6
24,6
basin,6
frequently,6
future,6
appeared,6
wait,6
fusion,6
assimilate,6
blue,6
likewise,6
55,6
34,6
0.95,6
balloon,6
negation,6
evaluation,6
companion,6
observe,6
resemblance,6
invent,6
interested,6
0.56,6
naughty,6
prof,6
home,6
hamburg,6
silly,6
transformation,6
developed,6
nce,6
active,6
application,6
listened,6
otherwise,6
ill,6
ther,6
confirmation,6
wrong,6
melt,6
pe,6
sleep,6
carefully,6
sh,6
describing,6
lose,6
su,6
seemed,6
viii,6
enabled,6
interpret,6
cl,6
imaginative,6
representation,6
custom,6
daughter,6
drunk,6
sheep,6
sound,6
sp,6
28,6
verb,6
freud,6
love,6
forgets,6
family,6
space,6
usual,6
occur,6
baldwin,6
slightly,6
address,6
repeated,6
attributed,6
outset,6
inanimate,6
questioned,6
provided,6
sought,6
gio,6
reference,6
sight,6
faculty,6
4.,6
tive,6
deeper,6
genetic,6
hot,6
respectively,6
pensée,6
well-known,6
barbara,6
turning,6
routledge,6
47,6
prior,6
undifferentiated,6
usage,6
dynamic,6
eat,6
article,6
adequate,6
striking,6
finding,6
failed,6
baby,6
artificialism,6
explaining,6
ne,6
p,6
psychologie,6
presently,6
analysed,6
produced,6
trouble,6
ta,6
altered,6
9.,6
othe,6
fellow,6
occupy,6
sent,6
seashore,6
du,6
worked,6
slip,6
ey,6
38,6
toc,6
ready,5
grünbaum,5
interpretational,5
103,5
solidarity,5
snow,5
—no—,5
maniac,5
combination,5
refers,5
deeply,5
37,5
excellent,5
b.,5
write,5
letting,5
neglect,5
began,5
faithful,5
walk,5
noting,5
justification.,5
prevents,5
74,5
viz.,5
confine,5
lightning,5
involve,5
logician,5
stop,5
distinguished,5
75,5
contemporary,5
designate,5
rhythm,5
universal,5
péril,5
qualitative,5
closer,5
contrast,5
instruction,5
teaching,5
specified,5
acti,5
resistance,5
aside,5
past,5
correctly,5
busy,5
32,5
etymology,5
classifying,5
complexity,5
e.,5
inferior,5
live,5
onl,5
demonstrate,5
tween,5
direct,5
109,5
cloud,5
2nd,5
invented,5
acquired,5
identical,5
include,5
card,5
per,5
squirt,5
essentially,5
dance,5
living,5
becau,5
strike,5
horse,5
momentary,5
meantime,5
3.,5
lotto,5
discovered,5
repeating,5
pick,5
equally,5
116,5
inability,5
skill,5
accidental,5
ren,5
paradox,5
dual,5
broken,5
cut,5
100,5
dress,5
interpreted,5
confined,5
aï,5
instinct,5
couple,5
—yes,5
relati,5
succession,5
support,5
paint,5
stake,5
ball,5
thunder,5
detected,5
dangerous,5
exceptional,5
to-day,5
becoming,5
verify,5
existing,5
angry,5
laughed,5
continually,5
avoid,5
scientific,5
head,5
mself,5
verbatim,5
standing,5
accepted,5
scale,5
absolute,5
imagery,5
allow,5
ev,5
disappear,5
divergence,5
field,5
increasing,5
alter,5
intellect,5
incidentally,5
presupposes,5
eliminated,5
transition,5
receive,5
va,5
appendix,5
affiliation,5
whatsoever,5
—ez,5
desired,5
prevent,5
diffe,5
childre,5
atmosphere,5
elder,5
pronoun,5
onversation,5
0.51,5
aunt,5
differentiation,5
extend,5
elliptical,5
ego-centr,5
linguistic,5
twenty,5
badly,5
ot,5
grouped,5
accordi,5
entirety,5
rub,5
0.70,5
logique,5
chinese,5
symbol,5
identified,5
educational,5
simpler,5
0.48,5
lost,5
organic,5
te,5
—in,5
spirit,5
arithmetic,5
indirect,5
deviation,5
propose,5
universe,5
london,5
leuzinger-schuler,5
built,5
besides,5
differing,5
conceived,5
poison,5
inclined,5
fantasy,5
smaller,5
objectively,5
relative,5
obscure,5
communicable,5
ru,5
none,5
forming,5
endowed,5
distinguishing,5
premise,5
dark,5
signifies,5
characterizes,5
e.g,5
playing,5
witness,5
assume,5
arm,5
easier,5
star,5
rain,5
sister,5
keeping,5
emphasized,5
internal,5
0.44,5
mentally,5
develop,5
afternoon,5
arises,5
literally,5
constructed,5
perpetually,5
unde,5
dust,5
foreword,5
131,5
faulty,5
discussed,5
discussing,5
mat,5
dependent,5
changing,5
alive,5
ould,5
current,5
project,5
granted,5
manifestation,5
opposition,5
leading,5
flat,5
44,5
positive,5
catalogue,5
considerably,5
rent,5
explainers,5
pel,5
limit,5
ism,5
0.68,5
quantity,5
assumes,5
concept,5
across,5
realist,5
psycho-analysis,4
pl,4
normal,4
why.,4
31,4
undirected,4
excluded,4
penny,4
practically,4
tw,4
non-abstract,4
unders,4
james,4
opening,4
recalled,4
twice,4
owl,4
confirms,4
delicate,4
priori,4
false,4
der,4
size,4
altogether,4
india-rubber,4
add,4
intuitive,4
relativity,4
instrument,4
psychical,4
opened,4
solved,4
preoccupation,4
recent,4
key,4
leg,4
bühler,4
kegan,4
decline,4
doubtful,4
procedure,4
student,4
perceive,4
plan,4
vision,4
ep,4
ow,4
whence,4
56,4
rendering,4
m.claparède,4
occurrence,4
solving,4
grasp,4
quickly,4
anothe,4
virtue,4
exuberance,4
created,4
absurd,4
unable,4
ition,4
ry,4
philosophy,4
ation,4
inte,4
thread,4
writer,4
h.,4
unit,4
hall,4
j,4
emphasize,4
paul,4
im,4
divergent,4
learned,4
wider,4
guided,4
clearer,4
wo,4
studying,4
224,4
identifies,4
78,4
indian,4
season,4
—but,4
vocabulary,4
restricted,4
perspective,4
incline,4
g.,4
apply,4
stain,4
fro,4
ant,4
angel,4
quote,4
declares,4
s,4
justifies,4
anything.,4
pigeon,4
extreme,4
document,4
bird,4
mouse,4
10.,4
je,4
count,4
173,4
subject-matter,4
seven,4
low,4
desirable,4
calling,4
analysing,4
waste,4
—we,4
bulk,4
cor,4
sack,4
rignano,4
sy,4
minimum,4
reduced,4
projected,4
ratio,4
rational,4
learnt,4
suffice,4
apparently,4
183,4
caterpillar,4
curiously,4
strongest,4
that…,4
heterogeneous,4
business,4
ruth,4
a.,4
distinguishable,4
progress,4
wherefore,4
imagine,4
green,4
upwards,4
solely,4
funicular,4
imposed,4
con,4
exclusively,4
ogical,4
associationism,4
opponent,4
henceforth,4
poi,4
ignores,4
comparing,4
comp,4
confuses,4
precision,4
questioner,4
isbn,4
subjectivity,4
drunken,4
fine,4
cease,4
attracts,4
fragmentary,4
differentiated,4
individualized,4
represents,4
informed,4
distinguishes,4
significant,4
analogy.,4
rooted,4
49,4
abound,4
fraction,4
39,4
suggestive,4
conversely,4
diminution,4
seeking,4
faced,4
ab,4
butterfly,4
mollusc,4
intervening,4
granny,4
miss,4
wrote,4
suggest,4
roll,4
iron,4
mentioned,4
description,4
malting,4
collecting,4
snail,4
half-way,4
500,4
teach,4
—pie,4
unadapted,4
offer,4
establishing,4
knew,4
principle,4
product,4
genealogy,4
cold,4
ear,4
deficient,4
animism,4
0.80,4
absent,4
stopped,4
push,4
imitating,4
reduce,4
communicating,4
leave,4
pull,4
personality,4
syllable,4
indication,4
159,4
juxta-position,4
hys,4
condensation,4
abstraction,4
distance,4
gentleman,4
perpetual,4
revealed,4
butter,4
union,4
intellectua,4
multiply,4
planted,4
45,4
convey,4
throw,4
incapacity,4
certa,4
172,4
error,4
exclude,4
create,4
obstacle,4
passing,4
mu,4
unless,4
—there,4
simon,4
supplementary,4
flag,4
lity,4
moving,4
adopts,4
vau,4
practice,4
thrown,4
amongst,4
4°,4
switzerland,4
enters,4
translator,4
1921,4
0.61,4
contained,4
attempted,4
ignorance,4
echolalia,4
sur,4
scupin,4
veihl,4
evoke,4
deep,4
misunderstanding,4
jus,4
trait,4
charge,4
pronounced,4
tested,4
interaction,4
distorted,4
construction,4
soliloquizes,4
weaker,4
risk,4
ignorant,4
retain,4
fir,4
relatively,4
ber,4
bu,4
homogeneous,4
derision,4
maintained,4
followed,4
ese,4
sully,4
report,4
psycho-analysts,4
audemars,4
explai,4
ex,4
occupies,4
solitary,4
continuous,4
division,4
0.79,4
eliminate,4
imaginary,4
opportunity,4
seeing,4
interspersed,4
organized,4
ral,4
occasionally,4
serious,4
announcing,4
rarer,4
0.64,4
strong,4
m.lalande,4
precedes,4
133,4
advanced,4
singing,4
reproduced,4
calculated,4
neighbour,4
ff.,4
carriage,4
artificialistic,4
cigarette,4
shock,4
complicated,4
bringing,4
mlles,4
finish,3
excuse,3
carrying,3
message,3
philosophie,3
numbering,3
nged,3
alluding,3
grown,3
merge,3
opposite,3
inextricably,3
root,3
entitled,3
utilitarian,3
emerge,3
evident,3
fictitious,3
transforms,3
middle,3
fundamentally,3
bump,3
obedient,3
christmas,3
y,3
faith,3
ment,3
submitted,3
ond,3
an,3
sept,3
à,3
deux,3
likely,3
imago,3
bar,3
admits,3
bothering,3
sooner,3
getting,3
well-defined,3
numbered,3
dis,3
eludes,3
consisting,3
rela,3
tic,3
justifying,3
glance,3
allowance,3
examining,3
specialist,3
varying,3
associating,3
go-centric,3
punning,3
decided,3
mouth,3
composition,3
provides,3
eech,3
fair,3
convinced,3
required,3
magic,3
transference,3
cockchafer,3
neighbouring,3
affective,3
stating,3
thing.,3
perceptive,3
18.5,3
symbole,3
identification,3
separated,3
differentiate,3
defend,3
helped,3
arrange,3
prefers,3
dreaming,3
derivative,3
k,3
cover,3
roger,3
briefly,3
possession,3
is…,3
adu,3
german,3
bone,3
capital,3
pursued,3
co-ordinated,3
pleased,3
reacts,3
associate,3
whet,3
library,3
ble,3
choose,3
dragon,3
associati,3
tistic,3
eight,3
hit,3
critical,3
71.2,3
twofold,3
answering,3
flournoy,3
operational,3
resort,3
employed,3
etc.—,3
deduced,3
syncretistically,3
conform,3
refusal,3
british,3
ex-position,3
treat,3
owe,3
4–4,3
progression,3
lafendel,3
ithout,3
ego-cen,3
jump,3
accustomed,3
seq,3
attache,3
86,3
final,3
private,3
cataloguing,3
ques,3
counter,3
187,3
conversa,3
socialize,3
passed,3
whatever,3
master,3
imperfect,3
lump,3
conceiving,3
53,3
indissoluble,3
affect,3
60,3
inside,3
elementary,3
assumed,3
fashion,3
impersonal,3
viv,3
105,3
e.g.,3
poor,3
reconstructing,3
discovers,3
alters,3
announces,3
reveal,3
francis,3
maker,3
recorded,3
reduces,3
mutually,3
divide,3
sand,3
portion,3
allowing,3
unanalysed,3
closed,3
sit,3
freedom,3
wheel,3
slap,3
mrs.isaacs,3
suggestion,3
manual,3
conf,3
irreversibility,3
crane,3
manifest,3
distinctive,3
33,3
included,3
lower,3
217,3
tongue,3
rely,3
minus,3
0.76,3
mie,3
cation,3
failure,3
washed,3
containing,3
mama,3
…etc,3
j.piaget,3
cave,3
enormous,3
surely,3
implicit,3
intervention,3
escalade,3
causa,3
presuppose,3
taylor,3
bi,3
combined,3
unadulterated,3
childhood,3
muchow,3
too.,3
there.,3
observing,3
abundance,3
expects,3
labour,3
eventually,3
involved,3
richer,3
360,3
71,3
fill,3
proceed,3
reappears,3
multiplication,3
temperament,3
occupied,3
silent,3
react,3
drinking,3
intelligible,3
theref,3
shortbread,3
linking,3
aid,3
lived,3
modality,3
weight,3
infantile,3
reconstructed,3
ff,3
novelty,3
tly,3
edge,3
innumerable,3
hear,3
gun,3
it.,3
edward,3
systematization,3
suppose,3
correlation,3
mythological,3
kill,3
adding,3
underst,3
absorption,3
discord,3
148,3
creation,3
232,3
disposition,3
lly,3
epistemology,3
beautiful,3
irma,3
detailed,3
systematically,3
onwards,3
everyone,3
gr,3
guex,3
sui,3
somebody,3
soldier,3
ver,3
generis,3
utilized,3
incomplete,3
ore,3
communicability,3
renan,3
stanley,3
top,3
provoke,3
because.,3
absorbed,3
zed,3
fallen,3
mechanistic,3
everyday,3
refuse,3
120,3
rapidly,3
fresh,3
illusory,3
assuming,3
receives,3
spontaneity,3
playfellow,3
spell,3
130,3
frame,3
parenthesis,3
81,3
secrecy,3
increased,3
incoherence,3
gene,3
emphasis,3
scheme,3
obscurity,3
music,3
fi,3
phenomenalism,3
superficial,3
obliged,3
empty,3
invokes,3
alongside,3
choice,3
spoke,3
nine,3
164,3
mach,3
structural,3
ings,3
probable,3
guard,3
mart,3
original,3
tification,3
epaminondas,3
schi,3
questi,3
reverse,3
dominated,3
intern,3
perusal,3
tortoise,3
mystic,3
11.,3
punished,3
proving,3
caused,3
p.janet,3
remind,3
town,3
shorn,3
br,3
ood,3
196,3
begun,3
maintain,3
122,3
0.43,3
ray,3
realistic,3
conviction,3
majority,3
subsequently,3
emulation,3
utterance,3
limited,3
outstanding,3
depends,3
strayed,3
path,3
42,3
223,3
associated,3
aeroplane,3
thesis,3
ly,3
street,3
summer,3
experimental,3
member,3
specie,3
ective,3
coll,3
realm,3
d.,3
pathological,3
brown,3
rema,3
historical,3
abstained,3
angle,3
determined,3
intimate,3
ceased,3
uttered,3
chooses,3
elf,3
air,3
horizon,3
fluctuates,3
tally,3
rolling,3
conve,3
opposing,3
latent,3
lectric,3
nowhere,3
functionally,3
ent,3
button,3
breathe,3
5°,3
sotti,3
orange,3
unexpressed,3
ogether,3
reover,3
naïve,3
evoking,3
puzzle,3
indulge,3
charact,3
distortion,3
jones,3
pursues,3
creating,3
completed,3
van,3
neve,3
rareness,3
biological,3
ferenczi,3
ted,3
converse,3
essay,3
dependence,3
incorporated,3
gia,3
representing,3
searching,3
111,3
gi,3
motivation.,3
—such,3
contribution,3
excite,3
ascertain,3
aged,3
wing,3
psychologically,3
wa,3
cent,3
duplicate,3
222,3
marry,3
wealth,3
precau,3
insignificant,3
flying,3
reservation,3
groos,3
comprehension,3
orientation,3
63,3
shape,3
yesterday,3
t,3
cate,3
178,3
endeavoured,3
estimate,3
considers,3
scepticism,3
illustrate,3
développement,3
gain,3
press,3
claim,3
listens,3
sal,3
engaged,3
extending,3
r.,3
savage,3
descriptive,3
animistic,2
predominates,2
senior,2
waiting,2
decus,2
doll,2
r.katz,2
anticipates,2
ace,2
deslex,2
grown-up,2
unintelligible,2
écoliers,2
monday,2
bout,2
ho,2
cold.,2
154,2
ah,2
distorts,2
manifestly,2
indirectly,2
fails,2
presencc,2
—one,2
intellig,2
valentine,2
pi,2
biologist,2
ence,2
deem,2
0.47,2
waterworks,2
dementia,2
rôle,2
ju,2
discern,2
contrary—and,2
surrounded,2
valid,2
automatic,2
subtlety,2
fix,2
beforehand,2
tand,2
fail,2
absolutely,2
ubject,2
singular,2
relationshi,2
stroke,2
useless,2
involves,2
interrogatory,2
enumerated,2
tachistocopic,2
deserves,2
perceptual,2
=the,2
spot,2
em,2
regulated,2
par,2
cognizance,2
rstand,2
distorting,2
foresee,2
corner,2
assimilates,2
seven.1,2
continues,2
entered,2
philosopher,2
entually,2
genesis,2
128,2
merges,2
127,2
fear,2
tale,2
promise,2
rb,2
resembles,2
occasional,2
anot,2
56.2,2
isolation,2
extremity,2
verified,2
ascribe,2
43.5,2
ibid.,2
1913,2
verbalisme,2
lessens,2
sec,2
again.,2
alf,2
soc,2
1959,2
forty,2
supposedly,2
evoked,2
applying,2
embryo,2
counted,2
126,2
ceiling,2
↑,2
125,2
experimenter,2
partakes,2
dewey,2
bundle,2
passim,2
inaccuracy,2
talker,2
fl,2
thought.,2
affected,2
enab,2
evolve,2
constituted,2
bad,2
lthough,2
static,2
shared,2
tainted,2
warum,2
prompted,2
alteration,2
shore,2
xion,2
emphasizing,2
excep,2
nominal,2
distributed,2
etymological,2
secondary,2
intervenes,2
lausanne,2
educateur,2
γ=1.00,2
compayré,2
disposed,2
sens,2
eristic,2
outnumber,2
cau,2
69,2
forget,2
factually,2
denoted,2
then.,2
juxtaposed,2
confuse,2
borst,2
distort,2
strength,2
acco,2
cited,2
possibly,2
conne,2
97,2
1000,2
sifting,2
varies,2
doe,2
li,2
intellectualist,2
realizing,2
william,2
abandon,2
qu,2
onger,2
renouvier,2
cournot,2
claimed,2
confines,2
enabling,2
him.,2
respected,2
usually,2
formulated,2
validity,2
ect,2
everywhere,2
mistaken,2
proceeded,2
arrives,2
food,2
slowly,2
juxtapositi,2
contingent,2
everybody,2
scientist,2
sharpen,2
justifica,2
maintains,2
appropriate,2
ite,2
modern,2
greyhound,2
kant,2
died,2
—mad,2
coherence,2
143,2
instanced,2
exercise,2
testifying,2
ambiguous,2
remarked,2
m.groos,2
electricity,2
viz,2
burst,2
conclusive,2
chaos,2
77,2
operates,2
regulation,2
pair,2
length,2
nigger,2
how.,2
borne,2
dly,2
certainty,2
ely,2
imbecile,2
widest,2
=because,2
send,2
dictate,2
diminishes,2
indifference,2
explicitly,2
ke,2
drawback,2
ory,2
ook,2
dispense,2
counter-proof,2
fluctuation,2
appalling,2
scope,2
spectacle,2
cake,2
june,2
stat,2
acquisition,2
exte,2
disentangle,2
salèves,2
physic,2
stayed,2
march,2
95,2
horizontal,2
them.,2
vertical,2
ago,2
76,2
advent,2
thes,2
68,2
coherent,2
six-and-a-half,2
ending,2
pat,2
hiatus,2
highest,2
rendered,2
shining,2
and.,2
melted,2
wi,2
taught,2
approached,2
85,2
replaces,2
down-hill,2
ance,2
m.luquet,2
ferrière,2
spelt,2
percep,2
fore,2
reliable,2
—jac,2
attempting,2
rog,2
received,2
handling,2
syrinx,2
168,2
1.00−0.76=0.24,2
jesus,2
increasingly,2
sloping,2
believed,2
explana,2
fully,2
grownup,2
describes,2
nurse,2
quarter,2
supposing,2
foundation,2
xplanation,2
0.54,2
recollection,2
greatly,2
cup,2
ontain,2
boundary,2
explan,2
centrifugal,2
centripetal,2
unfortunately,2
others.,2
decide,2
killed,2
—you,2
diffusion,2
reproduce,2
ner,2
co-,2
anita,2
bite,2
measured,2
meinong,2
enquire,2
version,2
bowl,2
unkind,2
fifty,2
buy,2
0.87,2
0.93,2
coloured,2
ego-centris,2
—gen,2
goldylocks,2
cal,2
deduces,2
γ=0.70,2
γ=0.80,2
collabora,2
learns,2
disposal,2
explication,2
diverted,2
tricycle,2
.—lev,2
jena,2
glacier,2
ga,2
kindes,2
experimented,2
magnet,2
entwicklung,2
chemin,2
intentional,2
intentionalism,2
determining,2
experimenting,2
alliteration,2
misunderstood,2
rea,2
accompan,2
herb,2
daylight,2
toy,2
father,2
thr,2
rd,2
ee,2
no.,2
frightened,2
disappeared,2
disguise,2
—béa,2
142,2
forbidden,2
guide,2
gen,2
genuinely,2
police,2
cramaussel,2
tone,2
terman,2
settle,2
roubakine,2
quatre,2
pattern,2
hinder,2
ox,2
detached,2
prison,2
postman,2
dispute,2
arose,2
applies,2
sequel,2
off.,2
upright,2
δ=0.52,2
yielded,2
specific,2
rabbit,2
judged,2
nicht,2
admitted,2
arrived,2
distant,2
0.66,2
m,2
abundant,2
confidence,2
hasty,2
udy,2
extends,2
perfect,2
cannon,2
personifies,2
incoherent,2
meeting,2
induction,2
β.,2
expre,2
ssed,2
if…yes,2
idle,2
pa,2
witch,2
replaced,2
ascribed,2
duc,2
cour,2
criticizing,2
parately,2
sociali,2
7.6,2
entire,2
drop,2
light…,2
underlying,2
1912,2
fifteen,2
stair-case,2
digested,2
eurhythmic,2
reversibility,2
rt,2
square,2
rail,2
outer,2
picked,2
ionally,2
occas,2
psychol.,2
imperceptible,2
background,2
30.,2
leaving,2
partial,2
animated,2
elaboration,2
served,2
collect,2
naturalist,2
intervened,2
dirty,2
alternation,2
awfully,2
exchanged,2
zoology,2
truism,2
released,2
kept,2
hum,2
first-class,2
chiidren,2
confining,2
branch,2
reversible,2
mass,2
contrives,2
sole,2
season-ticket,2
to-morrow,2
fell,2
mattered,2
lessen,2
roger.,2
helping,2
soci,2
fragment,2
brick,2
introduced,2
a.r.zazzo,2
recognizable,2
dr,2
adap,2
rough,2
insisted,2
deserve,2
bosom,2
on.,2
rotten,2
ordering,2
monograph,2
36,2
village,2
valais,2
leman,2
4.5,2
familiarized,2
onnexion,2
sociable,2
m.janet,2
—no.—,2
halfway,2
night,2
cock-and-bull,2
shell,2
wiser,2
treated,2
dry,2
argues,2
ge,2
eagle,2
fellow-beings,2
recently,2
mathématique,2
cart,2
attach,2
mr,2
paying,2
mbolic,2
response,2
educated,2
ecially,2
warm,2
insist,2
induce,2
conscience,2
afraid,2
department,2
reckoning,2
vegetable,2
statis,2
ction,2
endow,2
anticipate,2
assimilating,2
.—,2
ticket,2
acceptance,2
—a,2
detain,2
originality,2
disappointment,2
theological,2
esp,2
wife,2
humaine,2
entreaty,2
skin,2
noticing,2
mercy,2
picking,2
day-dreaming,2
rouse,2
you.,2
born,2
thorn,2
trust,2
belie,2
whale,2
denies,2
asserts,2
see…,2
concession,2
bare,2
secret,2
interventionism,2
anthropomorphism,2
—they,2
purposive,2
insect,2
fruit,2
hooked,2
xplanations,2
fang,2
asse,2
rtions,2
ple,2
pur,2
pugnacity,2
mobile,2
190.,2
filing,2
non-intellectual,2
—if,2
needle,2
file,2
constituent,2
contradictory,2
illustration,2
—let,2
exam,2
monk.,2
drive,2
eating,2
dressmaker,2
forced,2
furthermore,2
approximates,2
answ,2
pedag,2
down.,2
setting,2
co-ordinate,2
that.,2
impetus,2
rid,2
efficient,2
accompanies,2
astonishing,2
information.,2
gories,2
domain,2
artificiality,2
sympathy,2
ourselv,2
sociability,2
shout,2
intuition,2
unfamiliar,2
nearer,2
57,2
dissociate,2
intentionality,2
repr,2
tempted,2
nest,2
watch,2
58,2
terrible,2
subscribe,2
organization,2
joint,2
correcting,2
finality,2
counting-frame,2
54,2
justificati,2
worse,2
somehow,2
proceeding,2
wished,2
undertaken,2
rigid,2
brunschvicg,2
sudden,2
evolved,2
clock,2
concluding,2
grammar,2
aquarium,2
interpretative,2
enjoys,2
jac,2
persists,2
fringe,2
imitative,2
ication,2
blondel,2
facility,2
alien,2
privilege,2
dancing,2
pant,2
infinite,2
coincide,2
dromard,2
concentrated,2
possibility,2
ntences,2
m.bovet,2
vast,2
patient,2
lik,2
achieved,2
lecture,2
ride,2
101,2
rigorous,2
amusement,2
initiation,2
adapting,2
ven,2
formula,2
intended,2
uncentring,2
includes,2
foreigner,2
adjusted,2
concludes,2
centring,2
explored,2
hysteria,2
prey,2
valley,2
wave,2
distingui,2
phe,2
—this,2
pedagogic,2
struct,2
ure,2
politeness,2
reaching,2
disappearance,2
outlook,2
ement,2
acquainted,2
attended,2
pre-logical,2
ze,2
heavy,2
harder,2
corollary,2
stock,2
two-franc,2
philosophical,2
interrupted,2
recording,2
text-books,2
lovely,2
crumb,2
colder,2
undertake,2
pseudo-logical,2
absorbs,2
astonished,2
minute,2
likelihood,2
utters,2
learning,2
cognition,2
susceptible,2
cit.,2
loc,2
colleague,2
soliloquizing,2
cervin,2
replace,2
serv,2
hims,2
bother,2
buzzing,2
regardless,2
coach,2
hoped,2
traversed,2
acquiring,2
selection,2
nowise,2
sion,2
antithesis,2
rewarded,2
marjorie,2
possesses,2
theoretical,2
theo,2
ec,2
animate,2
bei,2
inter-individual,2
occasioned,2
linked,2
unaware,2
influenced,2
alain,2
surprised,2
work.,2
salamander,2
apperception,2
trade,2
fluctuating,2
strongly,2
ual,2
natu,2
complement,2
c.,2
supplant,2
231,2
supplement,2
evocation,2
112,2
rally,2
0.27,2
larger,2
m.larsson,2
berguer,2
letely,2
ane,2
loses,2
shame,2
s.,2
falling,2
designation,2
graph,2
liked,2
henceforward,2
stag,2
release,2
creates,2
require,2
subconscious,2
logically,2
empirically,2
180,2
niéstlé,2
bleuler,2
intelligent,2
delachaux,2
12.,2
dimension,2
tanding,2
emotional,2
182,2
mimicry,2
enumeration,2
myth,2
cousinet,2
elaborated,2
blood,2
gabain,2
61.5,2
38.1,2
47.8,2
46.3,2
checking,2
role,2
opini,2
dans,2
meumann,2
collaborator,2
occupation,2
enfants,2
himsel,2
substantive,2
continence,2
york,2
258,2
magical,2
sustained,2
directing,2
combine,2
trebled,2
submission,2
intelligibility,2
clarity,2
children.1,2
ate,2
ngle,2
satisfying,2
permanent,2
whim,2
inference,2
translation,2
viewed,2
disregard,2
essai,2
recourse,2
functioning,2
continuously,2
apt,2
lacking,2
berry,2
judging,2
three-,2
273,2
osely,2
suddenly,2
dissociation,2
excitement,2
germaine,2
197,2
glaris,2
follo,2
ality,2
mmunicate,2
somewhat,2
diminish,2
diverge,2
convincing,2
insoluble,2
decroly,2
opositions,2
erefore,2
formerly,2
manifesting,2
openly,2
seriously,2
arouse,2
hover,2
leap,2
sensation,2
preface,2
criticize,2
accurate,2
adolescent,2
excludes,2
provoking,2
understandi,2
ground.,2
211,2
xviii,2
observes,2
65,2
substance,2
176,2
liquid,2
thei,2
bien,2
anger,2
technical,2
consis,2
powerful,2
heating,2
195,2
seeming,2
1125,2
lasting,2
elaborate,2
obeys,2
149,2
develops,2
fini,2
six1,2
spielrein,2
h.j.,2
hilda,2
meyenburg,2
humanity,2
sality,2
329,2
210,2
zeitschr,2
fitting,2
symbolique,2
golahs,2
missing,2
truck,2
consciously,2
artist,2
whilst,2
realized,2
defective,2
foot,2
sucking,2
1923,2
201,2
property,2
schematic,2
contradicts,2
georgian,2
nouvelles,2
993,2
cient,2
744,2
730,2
prayer,2
existed,2
chiid,2
481,2
undergo,2
omission,2
analytical,2
morning,2
subtraction,2
tric,2
heaven,2
121,2
pre-causality,2
publication,2
vouched,2
socializing,2
characterized,2
257,2
comment,2
frontier,2
agination,2
duality,2
0.52,2
analytically,2
obtain,2
pro,2
récherches,2
facilitate,2
nomenclature,2
worn,2
advance,2
individualistic,2
0.28,2
hurt,2
141,2
ra,2
summarizes,2
dwell,2
0.55,2
negligible,2
denoting,2
enquiring,2
0.46,2
assonance,2
lt,2
approximate,2
nic,2
unclassifiable,2
pending,2
heavily,2
syncre,2
0.37,2
accuracy,2
fused,2
requi,2
individually,2
undergoes,2
class-room,2
modelling,2
slow,2
disparate,2
165,2
181,2
ego-centrically,2
72,2
provoked,2
wher,2
fluctuated,2
205,2
225,2
week,2
ic,2
interference,2
correlated,2
situation,2
conceptual,2
inverse,2
204,2
229,2
go-centrism,2
imperceptibly,2
mediate,2
journal,2
1500,2
unites,2
0.04,2
arithmetical,2
isolate,2
pseudo-questions,2
connection,2
hinders,2
indiscriminately,2
indi,2
lue,2
purest,2
155,2
depend,2
sheet,2
sample,1
derivation,1
homo,1
117justification,1
sup-position,1
affec,1
preceded,1
borderland,1
lting,1
manufacturer,1
bri,1
95have,1
rese,1
rasmussen,1
i–iv,1
descende,1
uddenly,1
continuity,1
nice,1
lieve,1
zone,1
summit,1
allied,1
tim,1
breath,1
torrent,1
alluded,1
non-a,1
96chapter,1
radiate,1
problem—that,1
preponderance,1
rrival,1
maid-of-all-work,1
silver,1
weigh,1
symboliquc,1
one-franc,1
deci,1
searchingly,1
so-,1
obeying,1
acttvities,1
tobagganing,1
100more,1
justif,1
anticipated,1
k.bühler,1
utilised,1
unstuck,1
swift,1
spade,1
stood,1
down—,1
ade,1
hypothesi,1
insufficiently,1
summarily,1
tremes,1
gnet,1
ffee,1
crest,1
arranged,1
inted,1
rding,1
interviews—had,1
themse,1
up.,1
possi,1
99finally,1
games—,1
ugly,1
to…etc.,1
inevitable,1
possessed,1
suspected,1
depart,1
seri,1
450,1
retations,1
aftermath,1
subdivide,1
excluding,1
acttons,1
pear,1
lf,1
goe,1
rem,1
west,1
mlle.liliane,1
invoke,1
dynamism,1
strikingly,1
everthing,1
residing,1
lend,1
destined,1
—perhaps,1
milk,1
interview,1
effi,1
intermittently,1
choosing,1
rigidly,1
lightning…daddy,1
pontaneous,1
goat,1
curio,1
respected—rules,1
interp,1
question—,1
astoni,1
35th,1
instrume,1
nicer,1
happen.,1
roundabout,1
widely,1
last-mentioned,1
shment,1
xpects,1
stretch,1
118connexion,1
m.bühler,1
black….,1
rvations,1
range,1
elude,1
testify,1
uppermost,1
leaves.,1
geneous,1
curring,1
broaching,1
why…etc.—so,1
implying,1
istence,1
ousness,1
meaning—history,1
ification,1
schaffhausen,1
why…etc,1
objects.1,1
valuation,1
en.,1
animat,1
quaver,1
contrivance,1
98speaking,1
corres,1
120ordinary,1
119bee,1
m.brunschwicg,1
ponding,1
machen,1
alwa,1
prohibition,1
ecessarily,1
llowing,1
gear-wheel,1
mended,1
thunderstorm,1
attic,1
388,1
lamp,1
étude,1
33–39,1
111other,1
unintentional,1
in-voluntary,1
106,1
raw,1
semi-intentional,1
immobility,1
lord,1
fixing,1
cabbage,1
so—,1
handing,1
leaning,1
wooden,1
e-library,1
indifferent,1
so.,1
revolves,1
establishment,1
paralle,1
ssification,1
cla,1
183/360,1
indisputably,1
lunch,1
geistige,1
to-day—,1
utility,1
customary,1
tho,1
mix,1
painting,1
horrid,1
greedy,1
whistle,1
slanting,1
nasty,1
puzzled,1
here—,1
watch.—,1
ndency,1
acquire,1
excellence,1
to.,1
mysterious,1
inexplicable,1
deat,1
preference,1
surround,1
inventor,1
rom,1
regulat,1
nearest,1
ncing,1
germ,1
sub-groups,1
lady—,1
inexp,1
hungry,1
one-tenth,1
funnel,1
two-thirds,1
swim,1
way.—,1
appliance,1
sub-categories,1
unimportant,1
rat,1
causally,1
licable,1
fierce,1
recognizing,1
weak,1
trie,1
sometim,1
annoys,1
112matter,1
disguised,1
pedal,1
motion.,1
circurnstance,1
retained,1
restri,1
retains,1
trated,1
concen,1
plastic,1
108the,1
256–257,1
intellectually,1
motionless,1
walking,1
stify,1
rceptive,1
flowing,1
imprint,1
seine,1
backwards,1
tual,1
jumble,1
astonishes,1
cted,1
prelogical,1
tify,1
109reflected,1
everythi,1
pre-causal,1
nces,1
syncretism.,1
concurre,1
fortuitousness,1
seventh,1
eighth,1
elsewhere1,1
intellectualism,1
pursue,1
concu,1
10001,1
expianations,1
rrence,1
datum.,1
hanging,1
pictured,1
diffused,1
ling,1
discontinuous,1
encroach,1
quasi-psychological,1
1916,1
tivation,1
110the,1
causati,1
107still,1
commentator,1
territo,1
y1,1
creator,1
ofte,1
framework,1
author.,1
rule.,1
ied,1
with.,1
una,1
ny,1
522,1
successfully,1
ratiocination,1
sq,1
ildish,1
given.,1
compels,1
ag,1
data.,1
formae,1
examines,1
249,1
profile,1
realism.,1
enjant,1
7th,1
dding,1
draughtsmanship,1
primitiv,1
ed.,1
hous,1
him—men,1
distingutshable,1
appertaining,1
chance.,1
105now,1
—no—why,1
torrents—,1
rocks—,1
thousand,1
ebooks,1
authentic,1
tood,1
115which,1
recognised,1
legitimate,1
11–12,1
http,1
duration,1
deducti,1
reality.1,1
exhibited,1
consequen,1
intermediary,1
echanical,1
alotting,1
cat…,1
she-cat,1
drag,1
independence,1
rthcoming,1
holding,1
nary,1
ordi,1
agnosticism,1
powerlessness,1
crossing,1
slope.,1
tom,1
downwards,1
crossed,1
locality,1
downward,1
sequen,1
intersection,1
ddition,1
contingency,1
feeble,1
good—,1
subdivided,1
hypothesis—by,1
attacking,1
where…from,1
parce,1
wha,1
explananation,1
contrasted,1
justifi,1
que.,1
placed—such,1
reserved,1
undifferen-tiated,1
masterpiece,1
category—there,1
but—and,1
justified—this,1
expectation,1
snese,1
expect—and,1
quoi,1
222–261,1
88,1
ssible,1
"connexion,2",1
greek,1
//www.ebookstore.tandf.co.uk/.,1
102,1
sem,1
1903,1
sem.,1
impo,1
summed,1
©,1
débuts,1
formelle,1
conjecture,1
paramount,1
psyh.,1
encroaching,1
broach,1
compel,1
sea—,1
deducing,1
is…etc,1
gra,1
dot,1
i.—,1
antennæ,1
atways,1
full-stops,1
snake,1
anomaly,1
104the,1
mmar,1
bonsoir,1
furnishes,1
others.—,1
additional,1
bee,1
freak,1
extended,1
honey,1
acci,1
coi,1
—looking,1
nexus,1
lp,1
sex,1
pychological,1
rrespond,1
dumb,1
motiva,1
wrist,1
gown,1
beard,1
hoosing,1
grand,1
discarded,1
uncouth,1
2005,1
113who,1
purchase,1
impotence,1
out.—,1
sticking,1
dent,1
ea,1
moisture,1
to…etc,1
unambiguously,1
divine,1
aske,1
ndent,1
indepe,1
mscribed,1
boxing.,1
uncircu,1
night.,1
ngth,1
north,1
—no—does,1
114talk,1
lot.—,1
strict,1
ndstone,1
charactefistics,1
accurately,1
otherwisc,1
habitat,1
ivial,1
rose-tree,1
extraordinary,1
needless,1
mushroom,1
furn,1
ish,1
dn,1
shoul,1
withered,1
rose,1
bluebell,1
weed,1
lo,1
rained,1
copy,1
park,1
mon,1
repos,1
stre,1
diegeistige,1
hovers,1
387,1
envir,1
ncies,1
tende,1
156in,1
morphosis,1
zoological,1
onment,1
heless,1
a.luria,1
nevert,1
5th,1
structure.,1
kindheit,1
frühen,1
4th,1
abstain,1
russian,1
identity,1
incarnated,1
meal,1
grass,1
blade,1
mealtime,1
cenes,1
recalling,1
symbolically,1
luria,1
engages,1
inwardness,1
externalized,1
re-enact,1
plastically,1
instrumental,1
equence,1
clue,1
variable,1
unilateral,1
onduct,1
modify,1
uncertainty,1
velopment,1
fferent,1
impregnated,1
footing,1
trism,1
—moreover,1
emselves,1
disobedient,1
confession,1
guidance,1
thods,1
disttnguishes,1
hypocritical,1
firm,1
influencing,1
alt,1
hough,1
advantage,1
infancy,1
155mystical,1
filial,1
hip,1
pause,1
§§,1
ego—i.e.,1
companion—,1
instruct,1
plunged,1
exteriorizes,1
game—another,1
odor,1
ropocentrism,1
lazy,1
holiday,1
enjoying,1
traveller,1
reckon,1
159an,1
anth,1
travelled,1
anthropocentr,1
confounding,1
01,1
ambiguity,1
override,1
self-conscious,1
rentier,1
locate,1
1—allows,1
recasting,1
surrounding,1
riveted,1
rnal,1
homestead,1
ricted,1
detect,1
readjustment,1
joseph,1
neighbourhood,1
broadened,1
industrious,1
visiting,1
john,1
peter,1
neith,1
cognitive,1
pre-objective,1
phy,1
realizes,1
coeffici,1
adapte,1
cambridge,1
ay,1
sical,1
mainly,1
precritical,1
haphazard,1
review,1
157secondly,1
proved—then,1
age—and,1
regularity,1
self-evident,1
viding,1
contribute,1
directs,1
alized,1
158and,1
non-interventionist,1
indivi,1
survives,1
naïv,1
specifically,1
awareness,1
comparative,1
ego-centrism—the,1
view—that,1
shifted,1
assemblage,1
julius,1
contrasting,1
simplicity,1
85.1,1
12.3,1
16.7,1
ceeds,1
plus,1
80,1
85.8,1
150regards,1
15.5,1
jorg,1
cates,1
clear.1,1
20.5,1
22.5,1
hampered,1
11.2,1
9.3,1
eceding,1
global,1
multiplic,1
assessment,1
pushed,1
parading,1
151questions,1
overall,1
parenthe,1
9.6,1
ained,1
requires,1
conforms,1
ddressed,1
30.3,1
33.3,1
61.5.,1
compari,1
broad,1
hiding,1
148nearly,1
readymade,1
dispenser,1
onstantly,1
obligation,1
usua,1
esence,1
lea,1
n.isaacs,1
trate,1
demon,1
ntile,1
infa,1
permeated,1
doubl,1
surface,1
exceed,1
attain,1
company,1
contradi,1
ct,1
representative,1
spent,1
consisted,1
pedagogue,1
36.7,1
41.2,1
149it,1
disparity,1
slight,1
practises,1
lications,1
fringc,1
154as,1
equality,1
prevails,1
uth,1
unquestionable,1
unquestioned,1
nishes,1
dimi,1
collective—and,1
eally,1
monologue—individual,1
friendly,1
153enter,1
sembles,1
spiritual,1
will,1
ever-increasing,1
centage,1
word-sentences,1
compar,1
deny,1
predominated,1
consecutively,1
applicable,1
void,1
compatible,1
resulting,1
spect,1
alogue,1
satisfactory,1
embryonic,1
interroga,1
fluctuate,1
indispensable,1
mentioned—the,1
separating,1
omnipresent,1
0.60,1
favourable,1
formulating,1
"12,000",1
0.30,1
clau,1
pil,1
dan,1
glorified,1
jan,1
152ages,1
—appendix,1
044.,1
aver,1
presumed,1
exceeds,1
three-quarter,1
coinciding,1
semi-stationary,1
phase,1
uctuates,1
one-third,1
one-quarter,1
totality,1
channel,1
dominates,1
pene,1
trates,1
intimacy,1
communi,1
sometimes—and,1
mentioned—he,1
primary,1
160observed,1
publish,1
intra-individual,1
upside,1
celuloid,1
luloid,1
lcv,1
neck,1
167appendix,1
llows,1
rib,1
cont,1
embody,1
co-ordinat,1
centred,1
unco-ordinated,1
166,1
distributes,1
straw,1
houscs,1
look.,1
hut,1
169other,1
topic,1
big.,1
hat.,1
write.,1
mechanically,1
expecting,1
twist,1
—look,1
of.,1
've,1
responds,1
nyone,1
1946,1
devenir,1
fragile,1
centrally,1
borrows,1
unhesitatingly,1
recogni,1
hesitates,1
anthropomorphism.,1
justed,1
physically,1
bility,1
pictorial,1
stem,1
locates,1
displacement,1
oriented,1
revers,1
co-o,1
rdinated,1
ordination,1
interindividual,1
uncentres,1
vidual,1
ansformed,1
rank,1
associativity,1
transitivity,1
mathematician,1
constructional,1
thematical,1
h.poincaré,1
equilibrium,1
uncentred,1
irreversi-,1
approves,1
macaroni,1
"etc.,2",1
āt,1
lalande,1
190,1
160,1
höffding,1
118,1
66,1
gestaltquali,1
luquet,1
ad.,1
236,1
216,1
170,1
156,1
præcox,1
larrson,1
institutrousseau,1
complains,1
215,1
104,1
163,1
162,1
liliane,1
110,1
sehuchardt,1
rougier,1
64,1
173rassmussen,1
177,1
212,1
161,1
134,1
j.,1
206,1
175–8,1
cook.o.f.,1
undone,1
amuses,1
disobeying,1
levana,1
levane,1
shouting,1
170lev,1
ribbon,1
158–9,1
arrived—the,1
burny,1
dropped,1
lded,1
blind-fo,1
advice,1
folding,1
171index,1
135,1
140,1
157,1
207,1
translated,1
footnote,1
210–214,1
114,1
bally,1
belot,1
bergson,1
203,1
136,1
186,1
228,1
165the,1
spacing,1
externally,1
creature,1
isaac,1
buhler,1
—mrs,1
gemeindschaftsbindung,1
stimulating,1
syntonizing,1
irreconcilable,1
str,1
brush,1
symbiosis,1
imbued,1
antipode,1
onsidered,1
ists,1
a.a.grünbaum,1
uktur,1
declare,1
self-preoccupation,1
dislike,1
rsonifies,1
endows,1
uncentre,1
feeli,1
precludes,1
162now,1
kinderpsyche,1
maturity,1
446,1
1927,1
oct.,1
ǎdag,1
f.,1
istemic,1
watching,1
conscious-ness,1
entirel,1
bindi,1
reciprocal,1
thereby,1
qua,1
negative,1
inertia,1
rst,1
self-,1
innocent,1
respons,1
escape,1
behavi,1
conditioning,1
introspection,1
remained,1
consta,1
copernicus,1
geocentrism,1
einstein,1
newtonian,1
complementary,1
eliminates,1
dissociating,1
161phenomenalism,1
physi,1
over-developed,1
manage,1
freed,1
accretion,1
perspec,1
mingled,1
iden,1
counting,1
sensori-motory,1
164surroundings,1
pre-dominance,1
waver,1
enveloping,1
cooperation,1
reciprocate,1
construct,1
473.,1
bot,1
1924,1
strasburg,1
relig.,1
phil,1
hist,1
revue,1
imposing,1
all-important,1
focus,1
irreversible,1
co-ordinating,1
regulating,1
inherent,1
unjustifiable,1
shing,1
goal,1
motory,1
appropriately,1
sensori-,1
proceeds,1
communal,1
vanish,1
presocial,1
qualified,1
detach,1
ability,1
acquis,1
163subtle,1
partner,1
ba,1
carpenter,1
customer,1
writes,1
charles,1
provide,1
operate,1
narrow,1
linguis,1
launched,1
extroverted,1
f-forgetfulness,1
sel,1
toe,1
well-,1
directed.,1
farther,1
dilettante,1
discoursing,1
incompetence,1
carpentry,1
competence,1
faltering,1
ehild,1
inexperience,1
make-up,1
primar,1
suggestiorns,1
disciplined,1
suggestibility,1
involving,1
glue,1
cherry,1
generalized,1
speciali,1
eager,1
eakening,1
weakening,1
ingly,1
increas,1
fluctua,1
supposition,1
oundation,1
slender,1
200,1
diminishing,1
ditninishing,1
facts—,1
condemned,1
losing,1
educateurs,1
synchronizing,1
unsystematized,1
slightest,1
chose,1
uring,1
meas,1
13.,1
weakened,1
precausa,1
confirmed,1
regularly,1
regressive,1
presenting,1
multiplied,1
131from,1
finally—and,1
143.,1
onsiderably,1
—10,1
september,1
405,1
—for,1
—conclusions,1
"100,000",1
1000—,1
"10,000",1
governs,1
evaulation,1
llectual,1
conceive,1
classificatory,1
normative,1
128an,1
november,1
explanation—,1
manufacture,1
129iii,1
classification—,1
52,1
374,1
ec4p,1
185,1
67,1
onths,1
succeeding,1
interval,1
groups—first,1
thir,1
verifiable,1
undergone,1
intermédiaire,1
1913–14,1
primordial,1
catalogue…,1
ness,1
execution,1
instinctive,1
believing,1
135etc,1
differe,1
…logicians,1
reiterated,1
readjustment…,1
incitement,1
earching,1
effectually,1
categorie,1
14.,1
defect,1
inseparable,1
fetter,1
nowadays,1
1917,1
scientia,1
apriorism,1
traditional,1
historian,1
provisional,1
types—animistic,1
ssociation,1
thoroughly,1
convenience,1
accept,1
asserting,1
questions.,1
automatism,1
oscillate,1
hical,1
psyc,1
hotter,1
clumsiness,1
gin,1
133reading,1
nail,1
poisonous,1
—does,1
toge,1
polymorphism,1
stuck,1
submitting,1
incumbent,1
strange,1
forgetting,1
freudian,1
adder,1
swiftness,1
deceive,1
thropomorphic,1
in-comprehensible,1
ccasion,1
looked-for,1
lèves,1
wane,1
growing,1
ascribing,1
withholding,1
i.e,1
backward,1
134here,1
lock,1
wall,1
m.rougier,1
table-cloth,1
teeth,1
know—,1
4ee,1
124these,1
eaten,1
burnt,1
untrue,1
romance,1
—i,1
attri,1
rthday,1
zerinatt,1
bernard,1
saint,1
land,1
horn,1
originated,1
butes,1
happe,1
you…,1
tobogganing,1
forbid,1
policeman,1
you—,1
police—,1
—she,1
fetch,1
disposal—physical,1
rang,1
sorry,1
dit,1
bird.,1
bat,1
vertebrate,1
zoug,1
map,1
geographical,1
comparable,1
statue,1
gcneva,1
driven,1
sledge,1
reindeer,1
disturbed,1
wystaria,1
rocket,1
up—,1
longer—,1
coupl,1
mome,1
identif,1
121the,1
cartaret,1
chestnut,1
freckle,1
dipped,1
fire-work…the,1
—questions,1
weave,1
classifica,1
criterion—arbitrary,1
onsisting,1
tacked,1
inquisitive,1
preserving,1
fate,1
grammarian,1
123problems,1
pool,1
—yes.—,1
loosen,1
pond,1
funky,1
ordained,1
harmoniously,1
foresees,1
ascribes,1
omniscience,1
climbing,1
punish,1
ticism,1
iove,1
—you—,1
—like,1
ignor,1
correlative,1
observati,1
scep,1
127as,1
fir-tree,1
year-end,1
mardi,1
mar,1
prick,1
pric,1
rodolphe,1
hob-nobbing,1
sprung,1
treating,1
rejected,1
—how,1
alread,1
accent,1
acute,1
party,1
liberation,1
metaphysicians,1
motiv,1
125everything,1
deformed,1
precausality—confusion,1
together.,1
istic,1
possess,1
richness,1
conceives,1
corroborate,1
ecausality,1
experiments.,1
—…and,1
win,1
one.—,1
squirrel,1
shifting,1
fantastic,1
peopled,1
indefinite,1
remembers,1
crammed,1
unhindered,1
unchecked,1
suppositi,1
if…,1
rest—and,1
mind—del,1
tinged,1
perforce,1
126the,1
sunset,1
because…etc.,1
361–3,1
136and,1
brilliantly,1
nquiry,1
primarily,1
lends,1
reminiscent,1
indicating,1
sist,1
undifferentiated.,1
144first,1
obedien,1
simultaneous,1
oquistic,1
solil,1
mysticism,1
syntonization,1
bathed,1
revolt,1
re-identification,1
—answer,1
22.7,1
cha,1
conflict,1
sophisticated,1
ereas,1
145this,1
26.4,1
13.8,1
broadly,1
32.8,1
23.2,1
14.7,1
10.3,1
rior,1
supe,1
enveloped,1
eel,1
328,1
relevantly,1
asleep,1
bedroom,1
124,1
ogues,1
monol,1
incident,1
interruption,1
327,1
uninterruptedly,1
longest,1
44.7,1
63.7,1
143between,1
lessening,1
block,1
129,1
318,1
319,1
steeple,1
bell,1
string,1
320,1
321,1
chest,1
make…there…the,1
322,1
323,1
324,1
325,1
326,1
'll,1
nnel,1
73,1
attacked,1
overestimated,1
continued,1
wise,1
-operation,1
structurally,1
view-points,1
sharing,1
usefulness,1
impose,1
numbering-systems,1
1926,1
strangely,1
three.—,1
three—,1
four.—,1
refrained,1
decreas,1
barometer,1
risen,1
radiator,1
noise,1
transformer,1
hide,1
explanati,1
coefficien,1
ebled,1
147here,1
stationary,1
14.8,1
13.6,1
35.2,1
29.6,1
12.8,1
conciliation,1
tuum,1
meum,1
shut.,1
older.—,1
once.,1
167,1
called.—,1
indiarubber,1
spoilt,1
larder,1
that—isn,1
594,1
banana,1
overripe,1
510,1
stupid.,1
92,1
heaven.—,1
259,1
train.,1
—or,1
146,1
seizes,1
it.—,1
jug.—,1
stove,1
will.—,1
tea,1
501,1
visitors.,1
272,1
telephone,1
again.—,1
—yours,1
lowering,1
43.2,1
ltd,1
tentional,1
ascrib,1
personified,1
degrees—not,1
opled,1
autonomous,1
crowded,1
non-ego,1
localized,1
me,1
na,1
coincided,1
unrelated,1
liest,1
necessitates,1
improperly,1
multiform,1
50.3,1
intentionalistic,1
desc,1
2000,1
2001,1
funda,1
join,1
138and,1
denn,1
bubi,1
petal,1
auf,1
immersu,1
stehste,1
tot,1
ya,1
term—,1
underlies,1
mething,1
orientate,1
uniting,1
reorganization,1
admittedly,1
llow,1
classifi,1
transcribe,1
genetician,1
construc,1
elaborately,1
lalande3,1
brunschvicg2,1
hœeffding,1
messrs,1
exaggeration,1
unreal,1
excellently,1
grammatical,1
élapes,1
bulletin,1
sociéte,1
française,1
neuchatel,1
langua,1
ourselvcs,1
2:9,1
137first,1
tense,1
subordinate,1
prepositions—in,1
appa,1
ratus,1
ribe,1
inwards,1
foreseen,1
ntional,1
ced,1
influen,1
confusing,1
american,1
oppositi,1
charlotte,1
survey,1
obst,1
surveyed,1
141chapter,1
nomena,1
convergent,1
hovering,1
logi,1
occupati,1
thirdly,1
1997,1
reprinted,1
poorer,1
shor,1
a.lcuzinger-schuler,1
1928.,1
forcefully,1
modification,1
assures,1
—at,1
1932,1
schoolmate,1
mm,1
clear-cut,1
reversed,1
acle,1
irected,1
resisted,1
resultant,1
concomitantly,1
modified,1
corporated,1
hose,1
139i.e.,1
ychological,1
obey,1
designed,1
ough,1
1999,1
poles—psycho,1
onfusing,1
abolished,1
hought,1
subjected,1
tightens,1
implicat,1
finitions,1
objectify,1
personalize,1
depersonalization,1
interferes,1
depersonalize,1
140all,1
favour-able,1
hostile,1
hindrance,1
pit,1
impulse,1
substitute,1
conquest,1
hod,1
gui,1
sensible,1
folk,1
woven,1
—psycho-analystshave,1
proposes,1
thinker,1
diverging,1
controlled,1
stricter,1
embarrassment,1
relief,1
sub,1
tance,1
motion,1
dawn,1
irrigation,1
subconsciousness,1
sujet,1
theme,1
issue,1
borrowed,1
symbolize,1
aphrodite,1
rite,1
baptism,1
children.2,1
adapts,1
enriches,1
subsequen,1
clarified,1
demonstrated,1
quelques,1
25become,1
archive,1
opment,1
devel,1
crystallizes,1
connexi,1
monologue.,1
pell-mell,1
egocentrically,1
cial,1
child—play—is,1
represen,1
con-sequently,1
centralization,1
24he,1
repercussion,1
rk,1
doings,1
transitory,1
irregular,1
verifying,1
re-examine,1
ascertained,1
undertook,1
accomplished,1
600,1
co-efficient,1
ego-centricism,1
constructive,1
outdoor,1
tiny,1
handicraft,1
loom,1
rêves,1
signification,1
articles—,1
security,1
aracteristics,1
bottling,1
inextricable,1
27ego-centric,1
para,1
dox,1
operations—in,1
chess,1
poincaré,1
govern,1
match,1
triangle,1
stopping,1
attached,1
baffled,1
eau,1
control,1
supporting,1
nally,1
if…then,1
disperse,1
framed,1
kindled,1
onvincing,1
shaken,1
adoles,1
laying,1
lesser,1
converge,1
bine,1
cast,1
potency,1
gap,1
deemed,1
feu.,1
psychoan.,1
398,1
330,1
vo,1
descended,1
issued,1
worm,1
helpless,1
1923.,1
26water,1
crude,1
fecundation,1
profoundly,1
uncommunicated,1
furthermore—and,1
thought—this,1
misrepresent,1
tied,1
speci,1
exhibite,1
vanishes,1
non-communicable,1
looki,1
toothers,1
thick,1
dimensional,1
effo,1
attributable,1
—wh,1
demonstrative,1
facing,1
20to,1
tacit,1
predominate,1
51,1
cook,1
singularly,1
19we,1
2fr,1
confirmatory,1
suggesting,1
coupled,1
loudly,1
markedly,1
protest,1
confusi,1
prone,1
similarity,1
carri,1
rious,1
weighs,1
ansition,1
immaterial,1
attributing,1
—among,1
upply,1
guarantee,1
enumerated—,1
earth,1
suffi,1
talkative,1
spont,1
drum,1
rchange,1
scissors,1
25.,1
brownish,1
prolific,1
categor,1
interrupt,1
suppressed,1
elimin,1
thought—autistic,1
excrescence,1
wanting,1
observa,1
opaque,1
17and,1
nother—do,1
ogress,1
sha,1
errors—all,1
however—and,1
elimination,1
invoked,1
8—as,1
284,1
respec-tively,1
restated,1
object.,1
summary,1
stuffed,1
"them,2",1
hullo,1
rey,1
aneous,1
propitious,1
allusion,1
almo,1
ovided,1
oftener,1
creak,1
privacy,1
bend,1
overload,1
undetermined,1
socializes,1
inforce,1
ivate,1
eventual,1
23rate,1
profession,1
announce,1
presse,1
1400,1
dem,1
onstrating,1
hypothetical,1
upper,1
flesh,1
fellow-,1
comprehensible,1
onditions,1
tune,1
incessantly,1
lustprinzip,1
note-books,1
filled,1
commentary,1
hubbub,1
awake,1
safely,1
separa,1
0.40,1
0.57,1
suspended,1
0.31,1
0.59,1
0.06.,1
variability,1
hould,1
indulges,1
dur,1
soliloqui,1
z,1
ceasing,1
moreove,1
a.v.=0.05,1
non-,1
0.72,1
2.23.,1
0.71,1
0.06,1
2.33,1
0.42,1
composed,1
10jean,1
227,1
collapse,1
61,1
omitting,1
0.02,1
perceptu,1
verba,1
intelligence.,1
prolonging,1
action—th,1
slow-coach,1
late—well,1
is.—and,1
is.—she,1
ill.—she,1
overheard,1
reconstruction,1
38cor,1
—viv,1
inventory,1
again.—i,1
forgot,1
it.—he,1
illusi,1
39lev,1
lasted,1
evening,1
missive,1
younge,1
omniscient,1
wisdom,1
rsations,1
ery,1
rallel,1
statistically,1
growth,1
schematically,1
types—the,1
quarre,1
confir,1
blind,1
alley,1
—conversations,1
black—i,1
square.—no,1
—aud,1
advises,1
36collaboration,1
straighten,1
blackboard,1
—something—but,1
window,1
musn,1
—den,1
hunting,1
germany,1
—arn,1
pretend,1
sand—no,1
sand—you,1
basket,1
arn,1
circus,1
off.—lev,1
gymnastic,1
gymnastics,1
….,1
persona,1
37common,1
reported,1
-awaken,1
pleasant,1
—well,1
bagged,1
constitutive,1
termed,1
implicitly,1
—mie,1
lift,1
cloak,1
defi,1
nitely,1
bury,1
—ari,1
exp,1
licit,1
41argument,1
interprets,1
adverse,1
action—a,1
reckoned,1
seat.—…—i,1
constituting,1
defin,1
stract,1
imitation…,1
xplicit,1
—hei,1
42children,1
too.—pie,1
bought,1
occurred,1
trut,1
onnects,1
conjuncti,1
7-year-old,1
godmother,1
godfather,1
—my,1
—geo,1
first—no,1
—rog,1
lil,1
nice.—ez,1
no.—mo,1
defended,1
seat,1
fond,1
contradicting,1
deciding,1
tinction,1
quarrelsome,1
three-termed,1
wordle,1
said…silent—oh,1
shew,1
gen.,1
tease,1
—argument,1
teasing,1
threatening,1
rmediate,1
40quarrels,1
blow,1
mould,1
conn,1
disconnected,1
conventional,1
tiger,1
it—yes,1
blue…,1
preced,1
→↓,1
minimum—three,1
recogn,1
con-versational,1
x.,1
doctrine,1
durkheim,1
31leads,1
schematizating,1
←→collaboration,1
→collaboration,1
↓↑,1
pragmatic,1
→←↓,1
sccond,1
unmotivated,1
coexist,1
motivated,1
ournoy,1
conversational,1
transcending,1
igin,1
disagreement,1
perfected,1
eaker,1
evokes,1
32just,1
acttvity,1
repres,1
conceivably,1
relinquish,1
whenever—to,1
specify,1
0.45±0.05,1
togeth,1
profound,1
28the,1
olde,1
tial,1
extracted,1
other—we,1
case—it,1
improve,1
interchanging,1
29chapter,1
completes,1
genius,1
ty,1
pre-sumptuous,1
inmate,1
propped,1
floor,1
compelled,1
reflects,1
domineering,1
dreamily,1
aget,1
thank,1
g.guex,1
infer,1
upbringing,1
proce,1
dure,1
rsation,1
acting,1
abuse,1
that—no—yes—no—yes,1
ill.,1
lucky,1
—li,1
curl,1
ripping,1
.—jacq,1
m.jean,1
—jacq,1
grade,1
ew,1
jacq,1
aer,1
oplane,1
co-operate,1
sunday,1
escalade.,1
—geor,1
pierre,1
—no.—i,1
35rom,1
skein,1
no.—arm,1
geor,1
decisive,1
atistics,1
in,1
activc,1
colla,1
borating,1
discard,1
initiated,1
pay,1
that.—no—yes,1
illustrates,1
dial,1
ogue,1
vista,1
buried,1
parallelism,1
33§,1
marking,1
instancing,1
preparator,1
numeri,1
cally,1
thirty,1
volubly,1
work-room,1
sweater,1
ari.,1
drop.,1
four-year-old,1
intoxicated,1
jersey,1
rhetorical,1
pseudoquestion,1
tunnel,1
eun,1
—eun,1
frock,1
—bur,1
g=girl,1
34talk,1
agreed,1
christ,1
defence,1
lishing,1
singled,1
deepest,1
examinati,1
instinct—two,1
consistently,1
debt,1
acknowledgment,1
eek,1
30–32,1
formulate,1
excha,1
logic.,1
exhaustive,1
relegate,1
pub,1
outsider,1
sjointed,1
professional,1
senseless,1
rsonally,1
service,1
accumulated,1
groups—the,1
scie,1
fertility,1
precedence,1
unlike,1
drawing—room,1
remnant,1
prattle,1
mutter,1
varied,1
tradition,1
4examine,1
23.,1
scanty,1
am-car,1
tow,1
on…,1
sociological,1
inspiration,1
m.lévy-bruhl,1
classic,1
pædological,1
set…,1
—because,1
quoted—or,1
loud,1
utionized,1
28.,1
revol,1
class.,1
31.,1
32.,1
j.m.baldwin,1
professor,1
m.c.blondel,1
in-fluenced,1
stones…,1
pretty…these,1
happy,1
eh,1
aced,1
52°,1
generalization,1
knowledge—all,1
developing,1
simulates,1
outco,1
not-i,1
mimic,1
identifying,1
e.claparède,1
admiration,1
copied,1
sincere,1
duty,1
masterly,1
quarry,1
invariably,1
tracking,1
partake,1
posteriori,1
consummate,1
celluloid,1
luloïd…,1
loid…,1
triton,1
triton…,1
triton.,1
coucou,1
coucou…coucou,1
midst,1
dinary,1
illuminating,1
showing.,1
shirt,1
1921–1922,1
ideomotor,1
ède,1
clapar,1
attend,1
ex-changes,1
pursuit,1
sane,1
affectiv,1
fatal,1
depreciate,1
unwittingly,1
epistemological,1
nother,1
prejudice,1
preconceived,1
succumbing,1
6°,1
exclusion,1
achieve,1
7°,1
labyrinth,1
consistency,1
8°,1
categ,1
struetural,1
point—,1
bristling,1
diversity,1
6§,1
—everyone,1
knowshow,1
imitate,1
propos,1
child—i,1
ened,1
appearing,1
quantités,1
battle,1
signal,1
attack,1
returned,1
1945,1
suffices,1
sexual,1
wide-spread,1
pregnant,1
label,1
formidable,1
partaking,1
named,1
spielrein3,1
gical,1
confess,1
labial,1
prolongation,1
soothing,1
continuation,1
hallucinatory,1
ill-,1
indistinguishable,1
intermingled,1
d.katz,1
presuming,1
fulfils,1
swering,1
a.leuzinger-schuler,1
activ,1
fight,1
action—threats,1
mouvement,1
horrible,1
psychol,1
action—,1
absent-minded,1
intelligentsia,1
threaten,1
audible,1
preparation,1
lker,1
sire,1
weather,1
whichever,1
side-tracked,1
divert,1
rf,1
veil,1
entity,1
vexed,1
conveys,1
prelude,1
futile,1
ttempt,1
one—that,1
urgently,1
pers,1
longs,1
utmost,1
nombres,1
vitesse,1
well-nigh,1
psych,1
indebted,1
grateful,1
touchstone,1
valuable,1
norm,1
ecisive,1
exercised,1
school-rooms,1
physique,1
causalité,1
plea,1
play-room,1
expérience,1
censured,1
constrained,1
prefer,1
lafandel,1
med,1
3part,1
etapes,1
m.brunschvicg,1
meyerson,1
m.e,1
standard,1
prol,1
onged,1
affixed,1
reym,1
arnold,1
historico-,1
portioned,1
endeavour,1
whatev,1
scholar,1
1930,1
nguage,1
sect,1
llected,1
151,1
actor,1
characterology,1
psycho-anal.,1
chapter.1,1
256,1
quotation,1
zeitschrift,1
psychoanal.,1
401,1
psycho,1
conference,1
hague,1
2modes,1
inten,1
intend,1
interdependent,1
—both,1
enfa,1
common-sense,1
apologize,1
introductory,1
feeler,1
aimed,1
talk—in,1
true—only,1
provisionally,1
witnessed,1
joy,1
tram-car,1
statemen,1
neuchâtel,1
mechanic,1
ectric,1
lights.,1
13we,1
elicited,1
ol,1
fastness,1
unformulated,1
admire,1
classifies,1
impressed,1
cardboard,1
pres,1
judicious,1
dissect,1
me—pie,1
—oh,1
me—,1
no—yes,1
be—lev,1
9—,1
nought—,1
nought,1
is—,1
no—,1
yes—,1
already—,1
suns.—,1
round—,1
men.,1
cart—a,1
jura,1
xviii.,1
11people,1
talent,1
outline,1
kes,1
indulged,1
affiliating,1
here.,1
left.,1
assembled,1
tramway,1
altitude,1
llective,1
tramwa,1
hobby,1
labelling,1
informs,1
collaborating,1
alp,1
valaisian,1
distribution,1
1918,1
doctor,1
district,1
420.,1
phenomen,1
rolls—,1
water—,1
rkable,1
276.,1
see—,1
seize,1
distracts,1
unfolds,1
diagnosis.,1
prettier,1
ours.,1
psychiatrist,1
retort,1
linical,1
obliges,1
freely,1
flavour,1
combativeness,1
gory,1
weakly,1
accord,1
assist,1
shop,1
ving,1
gé,1
passport.,1
look…you,1
salamander.,1
distin,1
delicat,1
discrimination,1
imperceptably,1
method.,1
16for,1
reserv,1
please.,1
india-rubber.,1
assify,1
pooh,1
fair.,1
plate,1
putting,1
track,1
defending,1
14two,1
sue,1
seldom,1
descœudres1,1
seven-,1
year-old,1
five-year-old,1
420,1
house—,1
door.,1
ever-receding,1
argum,1
ents,1
diver,1
chase,1
conveyed,1
struggle,1
ultimate,1
motor-cars,1
inasmuch,1
capturing,1
rision,1
developpement,1
ped.,1
taunt,1
schadenfreude,1
pride,1
ccessful,1
pseudo-information,1
ready-made,1
row,1
exhibiting,1
self-satisfaction,1
53.,1
copy-book,1
2…3,1
7…8…8,1
8…9,1
reinforced,1
tually,1
mlle.l,1
9…number,1
spanned,1
olated,1
9th,1
pink,1
ofadapted,1
chalk,1
sings,1
teachers—would,1
training,1
59.,1
ai,1
diversion,1
woul,1
inform,1
edifice—the,1
uninterrupted,1
substantially,1
pillar,1
danger,1
rking,1
undertaking,1
wrapped,1
8lev,1
class-work,1
intermitten,1
arrival,1
ught,1
bounce,1
collaborated,1
egory,1
director,1
combatif,1
—janet,1
packed,1
uttering,1
initiating,1
impelled,1
tigations,1
accompaniment,1
inves,1
powerless,1
prevented,1
war—all,1
bances,1
distur,1
class-rooms,1
requirement,1
seated,1
faster,1
sits,1
there…i,1
knock,1
accelerates,1
supplanting,1
institute,1
self-satisfied,1
soliloquizi,1
luring,1
ac,1
mastery,1
10audience,1
front,1
behaving,1
thorough,1
puerile,1
hysterical,1
survival,1
fantile,1
suppress,1
theatrical,1
el,1
re-read,1
ineffectual,1
logic—the,1
busies,1
pitfall,1
cranny,1
nook,1
barley-sugar,1
pile,1
eye-glasses,1
captain,1
horseback,1
well.,1
all-round,1
speculation,1
rigorously,1
opera,1
tively,1
singer.,1
accelerate,1
satisfacti,1
strictest,1
solitude.2,1
j.j.rousseau,1
issuing,1
150,1
ealt,1
conclu,1
da,1
coming…,1
fertile,1
watched,1
giant,1
exclaims,1
voluntary,1
accomp,1
reinforce,1
upplement,1
side-tracking,1
fertilizes,1
advocate,1
victim,1
prattling,1
perpetuating,1
olong,1
lligence,1
respec,1
scarcity,1
orphan,1
decreased,1
lavey,1
244,1
analogie,1
représentations,1
monde,1
extérieur,1
rev,1
philos.,1
lxiv,1
159.,1
80perceptions,1
perceives,1
comparisons.,1
bind,1
resorting,1
vaud,1
dditional,1
16.,1
nine-,1
year-olds,1
submit,1
prepare,1
corre,1
sponding,1
imp,1
lication,1
requested,1
ready-reckoner,1
diagnostiquer,1
aptitude,1
flammarion,1
medi,1
miaou,1
solid,1
indistinct,1
cherami,1
beras,1
psyeh.,1
1907,1
h.bergson,1
matière,1
mémoire,1
11th,1
1914,1
courier,1
passer,1
chère,1
amie,1
post,1
dear,1
finis,1
embrassant,1
fort,1
loving,1
kiss,1
79in,1
m.cook,1
relevant,1
e-book,1
ppens,1
confronted,1
rstanding,1
devoted,1
0-203-99273-3,1
81also,1
congress,1
ier,1
signi,1
now—and,1
in—the,1
fuse,1
83to,1
illustrating,1
interpenetration,1
super-added,1
nove,1
3/12,1
kuow,1
neglected,1
7/10,1
talk.,1
either.,1
ficance,1
3/10,1
replacing,1
xy,1
permission,1
support.,1
sow,1
unshod,1
hoever,1
shoes.,1
retrieval,1
denial,1
attit,1
ude,1
faire,1
84there,1
publisher,1
time…etc,1
fitted,1
prefers—that,1
available,1
tired,1
hen,1
chick,1
mice.,1
sleep.,1
excited.,1
impli,1
projection,1
rest.,1
garbled,1
2/10,1
better.,1
corr,1
82now,1
crack,1
breaks.,1
absurdity,1
business.,1
wash,1
—tell,1
er…etc.,1
merchant,1
disgusting,1
blacker,1
glove,1
washrag,1
alogy,1
affecting,1
pasé,1
illiterate,1
obscures,1
y.,1
willi,1
ngly,1
mech,1
anical,1
arouses,1
lively,1
enthusiasm,1
cious,1
deliberate,1
75chapter,1
eleven.1,1
non-discursive,1
elusive,1
arbitrar,1
inarked,1
happened,1
iderable,1
bal,1
crystallized,1
abstr,1
inaccessible,1
alice,1
embark,1
experien,1
standardizing,1
suited,1
schoolboy,1
15.,1
overbs,1
mighty,1
safe,1
embarks,1
faithfully,1
wondered,1
altering,1
juxtapos,1
4=when,1
6=the,1
ex-plainer,1
α=0.48γ=0.97β=0.68,1
α=0.49,1
β=0.68,1
explainer—,1
γ=0.97,1
emphasizes,1
prevalence,1
73juxtaposition,1
unsuccessful,1
α=0–48,1
closed.,1
whe,1
crucial,1
egocentri,1
implied,1
efore,1
invested,1
objectiv,1
rein,1
imperative,1
uth.,1
74children,1
indeterminate,1
obj,1
severally,1
ked,1
european,1
perception.,1
managed,1
song,1
title,1
ecial,1
alytically,1
gestalt-wahrnehmungen,1
78book,1
0-415-16886-4,1
heaped,1
natura,1
analyst,1
m.bergson,1
gather,1
undivided,1
linguistics,1
literal,1
detecting,1
m.bally,1
lexicalization.,1
juxt,1
aposition,1
m.hugo,1
schuchardt,1
word-senten,1
print,1
0-415-16933-x,1
lexicalization,1
considerati,1
m.o.f.cook,1
liberia,1
schema.,1
ensure,1
tachistocope,1
gestaltqualität,1
discipline,1
major,1
interrupting,1
instantly,1
incorporates,1
straightway,1
categorical,1
xiv,1
hesitation,1
corresponded,1
fulfilled,1
rresponding,1
astonish,1
o.,1
chapter—we,1
nvention,1
77those,1
handful,1
deplorable,1
residue,1
planned,1
ventured,1
investiga-tions,1
grew,1
beari,1
blamed,1
dopted,1
see.,1
xii,1
plenty,1
invoking,1
inclusive,1
repeated.,1
reception,1
passively,1
illogical,1
aptation,1
blackened,1
agglomera-tion,1
specially,1
ticed,1
sophism,1
accustom,1
92general,1
physiognomy,1
navel,1
comma,1
schematized,1
concurrently,1
indentification,1
late.,1
look-out,1
resembling,1
petit,1
petite,1
habitude,1
prolongs,1
indefinitely,1
protracted,1
oscillation,1
synthesized,1
largest,1
coarsest,1
unanalyse,1
syncretized,1
gulf,1
bridge,1
advancing,1
liste,1
ned,1
electronic,1
place—,1
wrongly—only,1
ncretistic,1
gifted,1
translate,1
fficult,1
trend,1
foreign,1
resting,1
economical,1
90one,1
approximation,1
according.,1
heart,1
oduces,1
incomprehens,1
ible,1
g.assimilates,1
bigger.,1
=they,1
expounded,1
flies.,1
nomenon,1
91they,1
sufficed,1
distinc,1
expense,1
simila,1
analytica,1
avec,1
psychologic,1
bullet,1
131–133,1
56–7,1
sync,1
retism,1
h.larsson,1
poésie,1
transl,1
philipot,1
leroux,1
1919,1
artistic,1
intelligencc,1
intertwined,1
gestaltqualitäten,1
intropathic,1
reviving,1
94these,1
fun,1
ascertaining,1
denying,1
uniformity,1
diverse,1
fancy,1
fabricated,1
ontent,1
incomprehension,1
veral,1
pports,1
psychanalyse,1
pheres,1
first-rate,1
—our,1
93related,1
float,1
xhaustive,1
boldly,1
contrtbute,1
pseudo-concepts,1
day-,1
dreaming—,1
tranference,1
transferred,1
dreamer,1
actua,1
generalizatton,1
condenses,1
transfer,1
obe,1
dience,1
aracter,1
underestimate,1
in-spite,1
progre,1
ssive,1
hing,1
unintelligent,1
oo,1
ingenuous,1
facile,1
reduction,1
tended,1
alysing,1
induces,1
kind-hearted,1
udo-logical,1
pseudo-causal,1
tenet,1
creed,1
concurrence,1
86though,1
equivocal,1
photocopying,1
shine,1
nickel,1
assumed.,1
witt,1
qui,1
accuse,1
excused,1
non-analytical,1
himself.,1
proverb=,1
dut,1
agai,1
pleasing,1
displease,1
disturb,1
hane,1
money,1
coal.,1
wielding,1
hammer,1
blacksmith,1
practising,1
pse,1
—from,1
storage,1
characteri,1
rity,1
remaining,1
punctuation,1
unique,1
condensed,1
resist,1
tolerate,1
warp,1
digestion,1
retu,1
rn,1
apparition,1
swers,1
precede,1
anal,1
ytical,1
same.,1
synonym,1
water…etc.,1
old.,1
ppears,1
85for,1
older.,1
coal…,1
vivid,1
fortified,1
willy,1
nilly,1
plication,1
shearing,1
shear,1
hereafter,1
g.dromard,1
1911,1
290,1
406.,1
88way,1
scaffolding,1
radiation,1
production,1
gravitating,1
rallying,1
depth,1
m.dromard,1
perceiving,1
readily,1
embodied,1
practise,1
propensity,1
edly,1
limitation,1
manifested,1
network,1
regression,1
—up,1
416.,1
89,1
mora,1
understa,1
nding,1
orig,1
inate,1
délire,1
graft,1
settling,1
probability,1
cure,1
themselves.,1
xix,1
249.,1
87xy,1
carelessly,1
idling,1
burning,1
blameless,1
burn.,1
plain,1
suppl,1
engender,1
convi,1
imagina,1
cap,1
acity,1
disposing,1
mit,1
know.,1
amour-propre,1
quia,1
unexpectedness,1
hypothe,1
symbolist,1
candidate,1
hedge,1
disease,1
1—imaginary,1
unanalytical,1
sed,1
boarding,1
β=what,1
shocked,1
quietly,1
quest,1
founded,1
tinguish,1
wit,1
hout,1
sends,1
crum,1
buttcr,1
becausc,1
stor,1
transformed,1
53α=what,1
γ=what,1
calculate,1
δ=what,1
rep,1
expedient,1
ament,1
p.lombroso,1
menti,1
carelessness,1
forgetfulness,1
revolve,1
closing,1
stoppage,1
xplicitly,1
oughout,1
otherwi,1
hastily,1
tioned,1
legitimacy,1
premature—as,1
eventscontained,1
analytic,1
inaugurates,1
mply,1
ignoring,1
wherein,1
dip,1
pulled,1
51explainer,1
name—the,1
device,1
choos,1
rubric,1
estimating,1
correctness,1
fairy.,1
52necessary,1
generous,1
tolerated,1
parcelled,1
principles.1,1
easurement,1
others—in,1
inaccurate,1
aluation,1
fascination,1
statistician,1
naive,1
measurement—,1
ragraph,1
preyer,1
ranging,1
reproducing,1
0.93.,1
perh,1
aps,1
interrelation,1
experienced,1
ndicated,1
−0.24=0.55,1
abunda,1
ntly,1
57of,1
lesson.,1
econstruct,1
hitherto,1
0.59.,1
prev,1
period—those,1
iou,1
expr,1
essions,1
irmation,1
α=0.56,1
α=0.48,1
tified,1
δ=0.76,1
δ=0.87,1
duly,1
regrettable,1
mingle,1
sexe,1
appreciable,1
−0.05=0.59,1
1.00–0.95=0.05,1
taine,1
subtract,1
—is,1
guessed,1
missed,1
ience,1
sc,1
escaped,1
pipe.,1
co-efficients,1
egger,1
juxta,1
virtually,1
represents—in,1
arbitrary—a,1
measur,1
rstood,1
xpress,1
1.00,1
expo,1
non-unders,1
56the,1
dissection,1
—by,1
0.58.,1
0.82.,1
explaine,1
coefficent,1
0.95.,1
darwin,1
0.64.,1
lations,1
sea-shore,1
disgui,1
pret,1
weakness,1
coincidence,1
forthcoming,1
ychology,1
debate,1
ndividual,1
public,1
ahead,1
45chapter,1
swer,1
pretending,1
complicates,1
fu,1
rther,1
inst,1
net-,1
oblige,1
ut,1
prudence,1
arra,1
soundness,1
instigated,1
tinguished,1
brevity,1
appreciated,1
tangled,1
quaint,1
mime—language,1
say—which,1
pression,1
coincides,1
sappearance,1
deliberately,1
sincerity,1
daddy.,1
things.,1
avoided,1
intere,1
sts,1
312–313,1
43§,1
400,1
1st,1
ist,1
insufficiency,1
blame,1
excludcd,1
assigned,1
mpanied,1
intervene,1
unify,1
systematize,1
avoiding,1
self-contradictory,1
successively,1
ared,1
insensible,1
44ants,1
brain,1
affirm,1
debility,1
dug,1
forgetful,1
success,1
threading,1
49she,1
seve,1
extenso,1
lobby,1
injunction,1
disadvantage,1
preferable,1
estimated,1
iginal,1
48blunder,1
0.8,1
0.5,1
0.4,1
ken,1
testing,1
importequisme,1
unusual,1
bead,1
well-informed,1
posse,1
ssion,1
liv,1
grandmother,1
short-bread,1
careful.,1
ou,1
whole.,1
deformity,1
undeveloped,1
serviceable,1
inly,1
forma-tion,1
alternately,1
affirms,1
thing…,1
rbalism,1
abnormal,1
profitably,1
pupil,1
manipulates,1
sink,1
reconstructs,1
benzine,1
steam,1
accorded,1
etc…,1
ye,1
instru,1
ments,1
manipulation,1
expression—which,1
moulded,1
47verbal,1
cardinal,1
iv.,1
somethi,1
doubtless,1
criticized,1
superseded,1
reply,1
incurs,1
immediat,1
receiving,1
fulfil,1
competition,1
581.00−0.87=0.13,1
−0.13=0.48=,1
α.,1
adapta,1
cked,1
swans.,1
blat,1
γ=0.77,1
inadequately,1
α=0.55,1
individua,1
defines,1
rotation,1
tap.,1
spontane,1
ous,1
pulling,1
obedience,1
stronger,1
conseque,1
68the,1
unnecessary,1
it—no,1
how—and,1
exacting,1
end—or,1
outset—ego-centric,1
skipped,1
sway,1
ack,1
omit,1
sults,1
experimentally,1
echanisms,1
maz,1
eleven,1
67matter,1
worry,1
chronology,1
excessive,1
lowest,1
6-year-old,1
comparis,1
coul,1
destroyed,1
woman.,1
reversion,1
wrongly,1
66or,1
cé,1
morel,1
stream…,1
sons…and,1
fatry,1
bank,1
ex-planations,1
incoherently,1
straigt,1
mi,1
accompanying,1
muddled,1
unintelligibility,1
ter,1
reconstruct,1
α=0.66,1
happening,1
occupying,1
introduce,1
usion,1
eater,1
bibliologique,1
imagin,1
preoccupati,1
anew,1
grasping,1
consonance,1
emerging,1
groove,1
reprodu,1
excites,1
acqui,1
vergent,1
illustrated,1
vaïka,1
m.n.roubakine,1
après,1
inve,1
travaux,1
nicolas,1
xvi,1
101–102,1
72the,1
tache,1
attaché,1
tache-attaché,1
dressed,1
yours.,1
=dressed,1
appreciably,1
metamorphosis,1
kidnapping,1
eature,1
71scholasttc,1
complained,1
ary,1
rsion,1
wate,1
circumstan,1
unambiguous,1
vaguer,1
rel,1
ying,1
69when,1
synthetic,1
incapacity.,1
ements,1
uxtaposed,1
fina,1
succeeds,1
running.,1
β=0.77,1
exampl,1
therefor,1
70in,1
ex-planation,1
confin,1
enumerating,1
juxtaposition.,1
obser,1
—given,1
alternative,1
accordance,1
ities,1
tener,1
incipient,1
arranging,1
sence,1
threshold,1
placing,1
tter,1
60as,1
reciting,1
bent,1
exhibit,1
sprinkle,1
ink,1
guilty,1
steal,1
precox,1
under-stand,1
demonstra,1
adjective,1
competed,1
65of,1
fom,1
grasped,1
γ=0.91,1
δ=0.80,1
century,1
yle,1
eak,1
fastens,1
6112,1
24.,1
became,1
β=0.72,1
plural1,1
fig,1
saturated,1
socialized.,1
proporti,1
inadequate,1
−0.24=0.46,1
6–7,1
0.82,1
cautious,1
pare,1
instinctively,1
m.belot,1
selects,1
xplain,1
distrust,1
suspicion,1
a.belot,1
nous,1
comprennent,1
il,1
bull,1
a.descœudres,1
guerre,1
interm,1
educ.,1
encore,1
1917.,1
59such,1
postulating,1
soul,1
emerges,1
0.70.,1
producer,1
xplainer,1
designating,1
movable,1
doubly,1
concluded,1
γ=1,1
evinced,1
was…something,1
squirted,1
poured,1
α=0.33,1
xt,1
onsequently,1
beside,1
γ=0.83,1
α=0.40,1
ners,1
one-sixth,1
out-set,1
assign,1
—other,1
insufficient,1
unite,1
64the,1
mechan,1
rath,1
narra,1
lts,1
ler,1
fountain,1
sub-clauses,1
demon-stration,1
harm,1
sea…etc.,1
63now,1
apters,1
t…etc.,1
case—,1
γ=0.88,1
reproduction,1
equently,1
through.,1
manages,1
α=0.75,1
affair,1
speaki,1
recites,1
slip-shod,1
larme,1
feminine,1
elle,1
elles,1
plural,1
phonetically,1
iadistinguishable,1
62,1
mentioning,1
probabl,1
qualifyi,1
dia-gram,1
anythi,1
naming,1
attaching,1
.—how,1
—…,1
moved,1
guesses—and,1
174,1
